"binAges","ens1","ens2","ens3","ens4","ens5","ens6","ens7","ens8","ens9","ens10","ens11","ens12","ens13","ens14","ens15","ens16","ens17","ens18","ens19","ens20","ens21","ens22","ens23","ens24","ens25","ens26","ens27","ens28","ens29","ens30","ens31","ens32","ens33","ens34","ens35","ens36","ens37","ens38","ens39","ens40","ens41","ens42","ens43","ens44","ens45","ens46","ens47","ens48","ens49","ens50"
0,0.263232522627626,NA,-0.0410827056289853,-0.222307546692235,0.357036252214651,NA,-0.0629149880372629,0.0570098380617824,0.543212312121249,NA,NA,0.240171836365819,0.00282170833112108,NA,0.298675644307552,0.0755130221911718,0.249070370244179,NA,-0.123051406807434,-0.139299457936308,0.0830002461470819,NA,NA,0.106831495770365,0.0342468830231458,NA,0.0507775708901393,-0.0508067079538302,0.0946398987170506,NA,-0.401019145863884,0.234939663651316,-0.150803083581821,NA,NA,0.40707889863386,0.0375579962038705,NA,-0.0318461008141572,0.0635756338609534,0.211289734828789,NA,0.133996220176666,0.103221042855321,0.0703893725725842,NA,NA,0.173821887194362,-0.0518166280538182,NA
100,0.00299293628458647,NA,-0.172942818250227,-0.100152981640007,0.118996154288065,NA,-0.0701658356061783,0.0169815310173053,0.285737757799374,NA,NA,0.110485249397879,-0.135166725973446,NA,0.112962701803004,0.102766270875322,-0.110170550022146,NA,-0.131560675457564,0.00253556806715527,0,NA,NA,0.0943621006690671,0.0675148630568446,NA,-0.0146422055640195,-0.114537291154194,0.0811513032434137,NA,-0.06916645132301,0.179975000370901,-0.0578897478996526,NA,NA,0.125663355673037,0.133929667597293,NA,-0.0069749033559541,-0.013436970765611,-0.0383864084547139,NA,0.143633985679285,0.270581613128935,-0.129513211504999,NA,NA,-0.0626303873427567,-0.169314728554444,NA
200,0.111642456885741,NA,0.0588381360261964,0.32726832032362,-0.104530527365464,NA,-0.123360634453255,0.0922576072756732,0.287375856399371,NA,NA,0.190947452063718,-0.176149942581339,NA,0.0835995987574991,0.273801661931909,-0.0801406510563046,NA,-0.0645928240785542,-0.0122644509479657,0.103933184292778,NA,NA,0.352671971323257,0.113413637264374,NA,-0.0252228257182468,-0.0460941526548975,0.0573093279712181,NA,0.0214407872576465,0.0780985141248138,0.109099452294922,NA,NA,0.0212665867083236,0.230274366050712,NA,0.258619034131371,-0.0145135076371536,0.12051589136768,NA,0.0972440697089076,0.260272922736214,0.163474544723684,NA,NA,-0.000729313886459748,0.0114423454355518,NA
300,0.0601949776690679,NA,0.251859234558959,0.169931069487918,-0.0724725418059683,NA,0.165045712552338,-0.042195710561455,-0.0210934121390693,NA,NA,0.217475948968263,-0.0423384234300495,NA,-0.184649876021777,0.159154546233604,0.0358757534723966,NA,-0.0944295850640965,-0.000157436332140576,0.0232482154110771,NA,NA,0.234438003942759,0.114714229698928,NA,-0.0065497580040301,0.0250931971926065,-0.0338271232870752,NA,0.076617215257425,0.138726187987529,0.0401663747050568,NA,NA,-0.037686438348509,0.177463497169591,NA,0.128003300074152,0.100512515739051,0.238690588605143,NA,-0.185967276966953,0.22550404151269,-0.130347502928345,NA,NA,0.0262445408877815,0.0478640935962673,NA
400,0.0242673508058024,NA,0.0625822337713439,0.136639754067272,-0.0663577745190122,NA,0.0191150747539059,0.231432981399528,-0.0603398742437291,NA,NA,0.275638756451085,-0.0841689997390163,NA,-0.0537299378413701,0.273064251997223,-0.0161936174837725,NA,0.0866821050325,0.0401810024782891,-0.014149068355079,NA,NA,0.130502327213826,0.192048553790617,NA,0.0293826418256494,0.108621452386088,0.0503587104245759,NA,0.237674530528434,0.181703019509357,0.169709964101822,NA,NA,-0.145569818695245,0.246473838681402,NA,0.250549505582737,0.0347687686772412,0.241265910716799,NA,0.08632716004819,0.263524627954345,-0.0516213528035538,NA,NA,0.026166526647549,0.0838459005005022,NA
500,0.176688754432602,NA,0.0973413861101704,0.257386986839993,0.124926041105423,NA,0.134171655283003,0.110440695880719,0.0551544185415767,NA,NA,0.112039527973516,0.147007423488841,NA,0.0702972791473496,0.168859922578862,0.15437658964022,NA,-0.00207733582393743,-0.0866928365339749,-0.0336202666079661,NA,NA,0.0297230503961713,0.0437099980561525,NA,-0.0422924381331391,-0.0907407884876338,-0.0355656885121365,NA,0.430868403596864,0.174199836810777,0.229818908428144,NA,NA,-0.14541069759529,0.134144825555819,NA,0.130433313556212,-0.254120122859694,0.180313574473616,NA,-0.0642722033869486,0.168311272082871,-0.0461841931214689,NA,NA,0.123980711053535,0.0955001186606009,NA
600,0.210070449969792,NA,0.0903038013833124,0.110902153776546,0.0996707634615092,NA,0.220002738315247,0.169945040289117,0.0274719776527592,NA,NA,0.180146251761004,0.107685376578787,NA,0.180391539773807,0.0533893265722564,0.0430147396954789,NA,0.125444092751695,-0.12303113872458,-0.0926763435446321,NA,NA,-0.151257172207659,0.14743979864023,NA,0.0160759121595037,-0.0165099738738781,0.129142907129772,NA,0.412668899609837,0.232882779412642,0.225905459307883,NA,NA,0.0865109669060945,0.0801518556802138,NA,-0.0465034918830964,-0.356486616478866,0.107781500968927,NA,0.157649107520111,-0.125499640869029,0.0260335720636448,NA,NA,0.193207833311672,0.122242647633286,NA
700,0.0609061128844321,NA,0.213800588343407,-0.0425524065644206,0.13916579925653,NA,0.1989730584845,0.0557731640732621,0.185668214927137,NA,NA,0.0811397569706366,0.149194036354171,NA,0.128298612127403,0.113864930316453,0.124816097895532,NA,0.185425312713798,0.052651568181092,-0.123714110791147,NA,NA,-0.0686511222996939,0.198293339590406,NA,0.181897399162727,-0.0356979051280996,0.113770545151262,NA,0.372822848834816,0.287098927040209,-0.00521999695972439,NA,NA,0.125857565713415,-0.0395603624820335,NA,-0.0216864335997801,-0.202231969759816,-0.0972230927508805,NA,0.194500892046257,-0.0729952448849189,0.114772760867219,NA,NA,0.249341420207822,-0.0206431235984936,NA
800,0.221014147721185,NA,0.133268750344262,0.156631585169675,0.202263292889751,NA,0.172535076718363,0.105078982575247,0.152729083202904,NA,NA,0.153776640418253,0.180194458762404,NA,0.259540725775358,0.0683535821421956,0.248557144907639,NA,0.236949274636315,0.0937699640978278,-0.0799098550899503,NA,NA,0.00780169157644747,0.204722474845587,NA,0.0801402954458397,0.0853205469485621,0.220237809803949,NA,0.460995964323569,0.249029511747556,-0.182499188597946,NA,NA,0.0860824062068408,-0.00263132796299106,NA,0.0513603495091428,-0.257526505520375,0.0900325256394113,NA,0.117697839785942,0.0175031762962797,0.0520138400469003,NA,NA,0.157902433010056,0.0235537133414811,NA
900,0.154129610547833,NA,-0.0812170813352787,0.0931214647940276,-0.0030610058023765,NA,0.338137645594704,0.0645136477063464,0.217141700239799,NA,NA,0.0108171345675477,0.252059205570292,NA,0.149197097861056,0.136323472288229,0.25320153559358,NA,0.143358749295076,0.248717794619855,0.103165475558944,NA,NA,-0.116957867994439,0.262827041596605,NA,-0.0295905947284096,0.230844871083214,0.257114455424181,NA,0.263810576071331,0.0977964451944478,-0.19865452657249,NA,NA,-0.133542116772314,-0.197607669716328,NA,0.101877915575315,0.0532875729102877,0.109701893448598,NA,0.247916071192175,-0.0177989097739235,0.0426748845835296,NA,NA,0.198411860496704,0.0155910527895747,NA
1000,0.111685617497329,NA,-0.101210925625262,0.038632535756982,0.103113939974523,NA,0.431878258341596,0.318367085517013,0.152563781330229,NA,NA,0.0925608763475561,0.294840177640161,NA,0.0131882577073344,0.000286721393217282,0.234833472381483,NA,0.145867397303253,0.177004229048269,0.21672134393214,NA,NA,0.119006958302546,0.27822110226035,NA,0.0116715280885472,0.249285345507326,0.195642256291559,NA,0.189294033405975,0.100579628212591,0.0677963875320378,NA,NA,-0.0548628854574101,-0.0241810340964001,NA,0.0588314076652318,0.0437484389481424,0.170639165557798,NA,0.192913352505663,0.0440652480339551,-0.000936750524770436,NA,NA,0.122564897517494,-0.00286306454841606,NA
1100,0.123095074041877,NA,-0.05487770281552,0.106624252600042,0.084987106895287,NA,0.452462208207354,0.341231653859854,0.0308189193754689,NA,NA,0.136032605116077,0.328231587019567,NA,0.159467362690458,0.230328070873122,0.187364580181686,NA,0.112922912742035,0.173786610968502,0.328840733508116,NA,NA,0.165450799244483,0.164913656342039,NA,0.0104057351263202,0.340958639316738,0.320014427240179,NA,0.26732843240095,0.153859954519158,0.0281910735697914,NA,NA,0.105664372564328,0.106006898984868,NA,0.298426559389271,0.260718482762034,0.198150804526087,NA,0.177947217717395,0.249889951425928,0.0212173584425647,NA,NA,0.442059940056435,0.266542003670922,NA
1200,0.204009138340054,NA,0.149208423961298,0.0759190183881099,0.160611785989485,NA,0.252880735731705,0.290945939188784,0.0992061153011208,NA,NA,0.255663545795408,0.538783994821732,NA,0.0836945773719204,0.234878942509913,0.237049186297788,NA,0.173718741545929,0.217350684851085,0.362113902530173,NA,NA,0.273779846991359,0.317687006640095,NA,-0.0110861047985158,0.0944632253733267,0.125350142446931,NA,0.143909105360484,0.165695273173507,0.0493572916600232,NA,NA,0.152318046699018,0.193017973940972,NA,0.221007555257368,0.210563150211287,0.287409187305181,NA,0.180818454697184,0.168446664568899,0.168717595041183,NA,NA,0.473631635326209,0.455365294645569,NA
1300,0.254175929708026,NA,0.326211911546682,0.263947939666726,0.173575531602698,NA,0.210449661785776,0.397375564306229,0.126208810696593,NA,NA,0.265935290397355,0.437006700156022,NA,0.00616555757299991,0.244484002233668,0.299913467125261,NA,0.0580708647828264,0.415763910374582,0.250737813678286,NA,NA,0.120355036585419,0.256837752813631,NA,0.116895258447414,0.16769200579685,0.200644777484871,NA,0.245219090058533,0.0748924906243459,0.0741312044036112,NA,NA,0.0824262795393112,0.214459172340846,NA,0.213898741782909,0.229739439368216,0.455939092009818,NA,0.267297423694395,0.256862339488803,0.0823561305249277,NA,NA,0.175558823866165,0.305076939474519,NA
1400,0.206508660769262,NA,0.189381077696537,0.111499359805315,0.177500577533567,NA,0.244021613124991,0.34381541034826,0.19401564024978,NA,NA,0.231012461381657,0.262606827982474,NA,0.0627367184191025,0.23887598524989,0.366555059984712,NA,0.0400609647930464,0.180311988778001,0.331773813847013,NA,NA,-0.0730793872828789,0.0194175636014025,NA,0.0791718323975183,0.167267104107789,0.177584792457306,NA,0.0839532082847488,-0.0249552547369785,0.158775891568185,NA,NA,-0.0808579865617858,0.08544108491031,NA,0.143012461735349,0.176329494562269,0.354310225138765,NA,0.0605153246361513,0.244084593357626,0.0618466590727901,NA,NA,0.102821268074433,0.24994819848574,NA
1500,0.21045667263525,NA,0.176097187127114,0.184186798842132,-0.162359870279091,NA,0.205577464843749,0.346118184037569,0.182329705388454,NA,NA,0.0844535783363796,0.287219082715456,NA,0.0145853592318776,-0.0236437960675104,0.247517124054033,NA,-0.00588756665979506,0.12883999973049,0.165174256124954,NA,NA,0.0441279367223482,0.116429597485984,NA,0.128229367028271,0.13777046584219,0.0411612198096271,NA,0.175245093660415,0.0790064597990724,0.290699236498845,NA,NA,0.0511374031250965,0.127369682158848,NA,0.194732601916384,0.213872485559525,0.144579666607811,NA,-0.0401248422336728,0.0444725971771246,0.09653017389952,NA,NA,0.0444829571184483,0.229590116693187,NA
1600,0.0511753171531763,NA,0.0755129479240594,0.324995502553688,-0.00668604683927843,NA,0.218581251759756,0.442283104788959,0.241139395749858,NA,NA,0.0881971997908229,0.21754958091831,NA,0.0188276365913461,-0.08425473113228,0.128499034819486,NA,0.133264314559134,0.0769667393526507,0.0787829001681362,NA,NA,0.315008201881556,0.175029082983067,NA,0.0319507264890047,0.0983629388677427,0.0488195530926122,NA,0.185409197283768,0.0436608698497081,0.210696815068035,NA,NA,0.303058964505609,0.178840347820467,NA,0.228507142495671,0.0676983355048063,0.122162393727117,NA,0.155414166771199,0.16879213957357,0.230902851337545,NA,NA,0.0359235143626002,0.169488810196088,NA
1700,0.118175899723911,NA,0.0834909768614668,0.174415186768739,0.222031590214605,NA,0.19426049422616,0.0954100710495403,0.222619554977446,NA,NA,0.146560994898018,0.327719559710841,NA,0.091757819986256,0.0291369171708497,0.104108228670171,NA,0.249488518115581,0.137083762947468,0.196104979855047,NA,NA,0.307925381702513,-0.0457440482885782,NA,-0.0751682615054207,0.237709437623002,-0.155335013141208,NA,0.236235532643604,0.256000528989725,0.176885632650319,NA,NA,0.136590335602477,-0.00752244686835937,NA,0.380137406084105,0.0721117031944438,0.303085720261486,NA,0.125186200627664,0.135356343390729,0.196743718890834,NA,NA,0.123865667892653,0.223299060038924,NA
1800,0.190877486081327,NA,0.210607635073227,0.288313154822745,0.162244579328772,NA,0.0824072066209635,0.256226921828837,0.217656597504465,NA,NA,0.281451474285497,0.424856307834213,NA,0.167141419606555,0.176731067912842,-0.0507662773897745,NA,0.304680771798819,0.194830280967485,0.311300889043815,NA,NA,0.233785690642503,0.13086275090033,NA,0.0576541647260102,0.256185653784244,-0.0268796390512154,NA,0.268731216379794,0.16914667005202,0.211114306405319,NA,NA,0.127734978423107,0.16849248836859,NA,0.310785569272523,0.222894039900066,0.268397324965868,NA,0.233285618625493,0.179434673364168,0.104752524886026,NA,NA,0.152181822659993,0.262567583741784,NA
1900,0.0823015073625392,NA,0.177151832415215,0.0371858269570395,0.240177284527383,NA,0.25007234875315,0.208410905273058,0.328101908852826,NA,NA,0.301321912740632,0.390162163009122,NA,-0.0412868266206074,0.246076639678633,-0.00928010610144675,NA,0.356974876385524,0.208425115178198,0.256373546596839,NA,NA,0.0968874009313256,0.133576741869448,NA,0.0514392844491165,0.262756509663788,-0.0202994146696094,NA,0.168783416966712,0.145697190293018,0.440733479848729,NA,NA,0.200331473846787,0.140654956504838,NA,0.328321455167454,0.300426093189873,0.207099151356948,NA,0.0237986528212673,0.219223529283196,0.132626004101634,NA,NA,0.12846742875177,0.201799182212755,NA
2000,0.0238587092342695,NA,0.236780975576933,0.0644167160493215,0.220990553642977,NA,0.228910723971167,0.223212237214085,0.25350346163734,NA,NA,0.346296675581576,0.255556892222878,NA,-0.0134774012688874,0.140886477472053,0.0898470138954256,NA,0.263715020139734,0.0960923193290098,0.212770009872332,NA,NA,0.163972386597575,0.0766017050247893,NA,0.129828136582898,0.336857443101084,0.0886122087144871,NA,0.121423325385597,-0.173699714230445,0.33343360786061,NA,NA,0.0584526028937468,-0.00356610835554258,NA,0.290686516348609,0.187733001728123,0.170802798089733,NA,-0.0528719546170947,0.133590348754889,0.127573240380244,NA,NA,0.027248298645215,0.341461787512634,NA
2100,0.115423312464512,NA,0.223107862190927,0.309075497309547,0.276659929036454,NA,0.179563451124687,0.430048967973538,0.377311365461646,NA,NA,0.290681264069718,0.371072811147691,NA,-0.00786019146634459,0.33636843456018,0.150107157237797,NA,0.144581121667068,0.1865239281579,0.350584408433094,NA,NA,0.344967128335478,0.124748777979136,NA,0.026899151583035,0.32796532275175,0.143560953105285,NA,0.195007692435497,-0.157870675900515,0.307869369540207,NA,NA,0.0983330517171378,0.0774256518790333,NA,0.295540542646532,0.184164294400109,0.152931972231776,NA,0.0280621754456102,0.116361356499596,0.223673468467207,NA,NA,0.21577316476171,0.295172626384612,NA
2200,0.131335982924517,NA,0.331054850400458,0.287100273658895,0.223283775345684,NA,0.18437779349354,0.344550787688821,0.389908266535573,NA,NA,0.448908741227917,0.28388310834071,NA,0.0625599503494108,0.319088989354752,0.119466296369662,NA,0.0736089507093936,0.2342554181918,0.360133950084434,NA,NA,0.187041339643268,0.325635031660963,NA,0.255884340921495,0.454188799597759,0.174433633352244,NA,0.211364144085361,-0.0130136277132192,0.256925845854776,NA,NA,0.149659017684773,0.17656013392895,NA,0.322244362465205,0.23092451216331,0.182538895494647,NA,0.118122441585355,0.110304050148564,0.283674028268909,NA,NA,0.209083675402261,0.409552878274072,NA
2300,0.035010206698657,NA,0.431028946427072,0.297616767866998,0.275060090067745,NA,0.117795491456852,0.344915871027038,0.380700093736321,NA,NA,0.295829462929329,0.182383958880804,NA,0.0415603357557408,0.197635908141567,0.194473728972049,NA,0.125245680268739,0.128862714743026,0.395219484372796,NA,NA,0.0622446045299818,0.485726381242893,NA,0.20677974376686,0.38200905825682,0.156180823173652,NA,0.274658411548258,0.0242859738386369,0.258806490780307,NA,NA,0.189801965713513,0.189069298859264,NA,0.212200288433192,0.232841403825292,0.0901541365763427,NA,0.313590612173695,0.265174775857246,0.289157194861276,NA,NA,0.126468290547225,0.315599369323389,NA
2400,0.130958881633346,NA,0.330127010302301,0.442727165730167,0.178302946205539,NA,0.0709994829170417,0.263470527320063,0.207590189461464,NA,NA,0.31400359334086,0.131728467290473,NA,0.0221050074347425,0.223944395844701,0.246478661624084,NA,0.0756027745717648,0.153300746448791,0.304215037084192,NA,NA,0.0355784775774863,0.252268666664719,NA,0.273187982682889,0.40230609726112,0.0962491974474303,NA,0.297457098786573,-0.0186178475493063,0.212106654675917,NA,NA,0.17840464330599,0.20773786399749,NA,0.230827999477018,0.268544556455722,0.0324397863069731,NA,0.338336157529875,0.193501610488598,0.351878377273105,NA,NA,0.0945971360452518,0.433253772378725,NA
2500,0.107380135426062,NA,0.252833676468943,0.462256172176026,0.0899988977033348,NA,0.0758798427774448,0.368397378883864,0.264307495099789,NA,NA,0.291188239819082,0.188676644757064,NA,0.130562451377724,0.23470653323961,0.080025639209302,NA,-0.00728883938618158,0.0899516527092584,0.20620906366447,NA,NA,0.0949508827868717,0.298145738084108,NA,0.337900694719245,0.363265249537806,0.142433795596345,NA,0.215454603206161,0.0307976823308646,0.253800788566502,NA,NA,0.117183071069625,0.247589755964159,NA,0.148786694650132,0.174202786929563,0.109777550451804,NA,0.43730193144689,0.322021505017222,0.309920186692316,NA,NA,0.0911035161613396,0.361716327466853,NA
2600,0.134388916179727,NA,0.318967685385735,0.315109304106417,0.108523760822798,NA,0.224479986860207,0.307281058361475,0.249559531221019,NA,NA,0.396075905715918,0.353802457152814,NA,0.124407688208371,0.251171681713071,0.100596754009231,NA,0.017719401395659,0.134872680900504,0.228417742065535,NA,NA,0.112534403224915,0.225159749397645,NA,0.324748476771038,0.448321548773472,0.217576962564297,NA,0.163088146920227,0.21436510407816,0.119393614472941,NA,NA,0.192772833675452,0.139413922552257,NA,-0.0660648129745272,0.227199230583456,0.246820503622352,NA,0.0945062067472961,0.184759219637065,0.279303019645521,NA,NA,0.292070320788016,0.28484558753981,NA
2700,0.0896916013701284,NA,0.300166035659331,0.224983223732028,0.277723199773844,NA,0.292452577618878,0.310046746640306,0.175407486295066,NA,NA,0.43212039626903,0.535907703315876,NA,0.227359222803883,0.155357453785466,0.0886427711991849,NA,0.080960022702037,0.172639129093092,0.351296546236733,NA,NA,0.251735295340781,0.379410636367526,NA,0.290000780581452,0.363502925887225,0.17406560186317,NA,0.301776764437887,0.260267141702776,0.247221203873381,NA,NA,0.260260523794304,0.167420325610575,NA,0.188935762891116,0.183270222881092,0.159396044335268,NA,0.127853616987347,0.106404938227918,0.174563525340642,NA,NA,0.297114494596226,0.259737535181002,NA
2800,0.103615607389314,NA,0.278986028757745,0.260166617560091,0.312625050177655,NA,0.238748766200742,0.283909860672455,0.242630024663351,NA,NA,0.216990406981201,0.44304792370651,NA,0.306349855995291,0.113369555806157,0.246681922025559,NA,0.129343973153845,0.197743605480622,0.272098075397715,NA,NA,0.294628797960613,0.192930494478276,NA,0.175232332357002,0.359111471878615,0.319186913378173,NA,0.398701333604514,0.196019535292571,0.176791909781083,NA,NA,0.227618826596405,0.185222618817631,NA,0.264331386378735,0.38555272889005,0.0582953234272746,NA,0.317174351614771,0.275503928129816,0.298977577753469,NA,NA,0.145526736284774,0.290250477532755,NA
2900,0.179557045769544,NA,0.278707193417568,0.238408294935893,0.398136015338747,NA,0.156546092299842,0.312988651597412,0.362738843402025,NA,NA,0.160947734865981,0.386344499226065,NA,0.39211415960818,0.197424393271248,0.247808828499642,NA,0.207627705197739,0.227285286009066,0.257773370393064,NA,NA,0.151885627866087,0.285255605518274,NA,0.165736646286169,0.410079053858776,0.404880006027935,NA,0.405628695633155,0.132166888281575,0.326774591696956,NA,NA,0.272980500266672,0.182369028086653,NA,0.20191803816513,0.468265042128742,0.153878203737734,NA,0.303460505309568,0.353280414567776,0.358236445912216,NA,NA,0.276305271513603,0.313170812756348,NA
3000,0.254186414322558,NA,0.410595679441489,0.124874819399612,0.339441965679109,NA,0.201772679302697,0.308510363168475,0.401469657629749,NA,NA,0.10357278051128,0.357014866493821,NA,0.358750476244022,0.227933778172029,0.124341004411453,NA,0.386643639894476,0.219666334921284,0.336175736129578,NA,NA,0.344000874928314,0.246515937983314,NA,0.0300112536178237,0.476192028018857,0.301415137978333,NA,0.309425897277905,0.0542737551393579,0.334224240573104,NA,NA,0.314660799672936,0.201385524757002,NA,0.137608396187195,0.444680828956864,0.3024232781162,NA,0.344638022436983,0.419646334327444,0.35623179480055,NA,NA,0.260916819577276,0.18498754349283,NA
3100,0.239662067974114,NA,0.343574890234025,0.235622076227743,0.339653146477243,NA,0.192146654316419,0.246640033877077,0.429809360679815,NA,NA,0.11144161124202,0.318303127942721,NA,0.205222300176532,0.196333754673847,0.223974553069288,NA,0.382125799568561,0.234788800615507,0.201343341820206,NA,NA,0.44603525624377,0.307730088762529,NA,0.156562267480862,0.534834505307609,0.360976926777269,NA,0.429849324823286,0.252549562956006,0.261913489173326,NA,NA,0.600015599129835,0.277790985355495,NA,0.278765635279901,0.358553559063862,0.182523987424551,NA,0.318784532052638,0.322457861566659,0.530236272858301,NA,NA,0.141876823106401,0.237032011834167,NA
3200,0.149375954865011,NA,0.378756026424838,0.263730714560818,0.440481102007106,NA,0.178442766497424,0.0800324413000645,0.313522667646867,NA,NA,0.0277448190165462,0.417340171511765,NA,0.102678365347401,0.233152586730261,0.276990520199198,NA,0.364955363057161,0.275924962579143,0.199258329236008,NA,NA,0.381796066705456,0.338010241143083,NA,0.194612863203189,0.38951574485072,0.20990588193542,NA,0.458430597461669,0.215564724111123,0.24411454984869,NA,NA,0.462133619082706,0.233343860592108,NA,0.21184743429124,0.395913410863264,0.215047246252715,NA,0.217399078167611,0.396173824895382,0.479783627715298,NA,NA,0.151053219637274,0.139733448403566,NA
3300,0.263376143374447,NA,0.242868947561597,0.277328421163902,0.448945556435214,NA,0.200529453919487,0.107206316867127,0.326986532430205,NA,NA,0.173098081376802,0.498257852130608,NA,0.295855058818578,0.0777084853451921,0.263276038912311,NA,0.213388871182866,0.123850680836522,0.295255776147669,NA,NA,0.361215297512751,0.390105013993504,NA,0.338236889343847,0.413037821836939,0.165235524106753,NA,0.363968218248119,0.19244631824735,0.330943526270043,NA,NA,0.451995983602054,0.302042192324367,NA,0.190250672385973,0.448310999365844,0.297325355207195,NA,0.216665097389381,0.296097519549875,0.427167739894686,NA,NA,0.209569585813822,0.210272438900568,NA
3400,0.337833609518272,NA,0.274569737250749,0.344508220755131,0.609808844813795,NA,0.162636518262321,0.180268436044535,0.204965414759648,NA,NA,0.28705793758729,0.503412237024632,NA,0.495817947395456,0.137778501580273,0.326062747276747,NA,0.210412189895212,0.10089728623774,0.237845039333397,NA,NA,0.306421725490764,0.436017506279445,NA,0.218438009355987,0.297820682635645,0.178079922164026,NA,0.547056631832796,0.255400948226998,0.226666256732194,NA,NA,0.454950082108516,0.258718047854879,NA,0.231833591423651,0.447071483546069,0.274705155860883,NA,0.209660524593687,0.282603216678851,0.467303200221607,NA,NA,0.250162303685785,0.171880949779049,NA
3500,0.280579641284013,NA,0.364349013830688,0.422852522552959,0.411627716252032,NA,0.204977083357742,0.194973366230843,0.182532403326118,NA,NA,0.378545124868859,0.557789400757013,NA,0.43943076679536,0.155369598440706,0.206197359471591,NA,0.0752807845854631,0.176943362005867,0.10242554943814,NA,NA,0.395331126437691,0.373244970657682,NA,0.198573418125366,0.312756538787327,0.130880738929745,NA,0.382815762655312,0.361564532760914,0.196172207981265,NA,NA,0.357208295167673,0.231606027860904,NA,0.237711803955343,0.259572287499475,0.293819442381592,NA,0.492707132293636,0.242997833067113,0.524214014689008,NA,NA,0.34883938857616,0.222773523308911,NA
3600,0.323509838676715,NA,0.412092670093739,0.348280094156919,0.385746186493046,NA,0.214302851021132,0.396742662992398,0.404049735276327,NA,NA,0.339584148521768,0.507558742178989,NA,0.420462372459535,0.088772312451914,0.272322468795104,NA,0.230233203136633,0.167338657351539,0.206567203147703,NA,NA,0.403085418077949,0.436052348009718,NA,0.187028313972086,0.407383075818224,0.220603525709698,NA,0.263585949522467,0.385771128422347,0.416365458117819,NA,NA,0.43491009499448,0.203593197329315,NA,0.354917602505134,0.359550108926322,0.399412470109883,NA,0.425313743737408,0.34679159420362,0.589958217995801,NA,NA,0.217209264511619,0.319343543411686,NA
3700,0.386554581228078,NA,0.465952371619123,0.23713450751044,0.288184881960319,NA,0.155016229632167,0.347050800430783,0.320313829695043,NA,NA,0.431199291176631,0.513278068819072,NA,0.517115066426297,0.149867173133247,0.395667580365724,NA,0.319956882343519,0.332455582400378,0.246280575220128,NA,NA,0.513940843928283,0.321681981819831,NA,0.373599404735868,0.605730692246635,0.274136107424301,NA,0.37967666458457,0.378371593416116,0.468557649380667,NA,NA,0.25855426388918,0.300873897505515,NA,0.30116789252644,0.537342708451291,0.309148871334342,NA,0.285906977844243,0.46291757708929,0.513707163638532,NA,NA,0.242108763142966,0.388337298445405,NA
3800,0.375394401086431,NA,0.491257301513166,0.352387751228083,0.214728366384845,NA,0.196060043198409,0.384113638176615,0.356960361208136,NA,NA,0.440265076701126,0.521683559325703,NA,0.54955387729498,0.269834365141084,0.246557208610502,NA,0.42873179434889,0.223334442805737,0.184144670165162,NA,NA,0.436186074910161,0.307962541193707,NA,0.528486059718296,0.558236134184689,0.31482705143494,NA,0.151522219809147,0.397750507877874,0.461019689179204,NA,NA,0.189283699475804,0.352311240068067,NA,0.317524155667733,0.503429032270965,0.299108723115755,NA,0.400696944807948,0.52493599466332,0.371905517250759,NA,NA,0.362303526067287,0.350815119357131,NA
3900,0.499425742014809,NA,0.510749634430679,0.166252678319061,0.224175801130574,NA,0.241209189541556,0.313428704193818,0.286663526853562,NA,NA,0.443678565035877,0.565959663376038,NA,0.413284375373352,0.418130940799061,0.305999519282969,NA,0.494507592802364,0.143446242082999,0.300286699115116,NA,NA,0.392042710883048,0.252046299999736,NA,0.585606138167422,0.360979472691797,0.381649103005485,NA,0.150772668334814,0.360383861483218,0.328505679774566,NA,NA,0.0724912455467409,0.294504215739398,NA,0.363045095639618,0.337543972351969,0.395194478935106,NA,0.237603164510438,0.481711111163625,0.307732980817616,NA,NA,0.209164505544425,0.334267638325042,NA
4000,0.482173368474262,NA,0.443430088039728,0.30621147270671,0.428995540543641,NA,0.352982305908647,0.244712717657122,0.133790555453952,NA,NA,0.417044519180239,0.461813509487558,NA,0.394682665425899,0.334106912288638,0.256640794704094,NA,0.37916463701365,0.251993586774365,0.293610808959216,NA,NA,0.282258041194684,0.321670841141776,NA,0.520073333992473,0.26204337780826,0.462908432527161,NA,0.218029883518364,0.264949766955222,0.428153422212645,NA,NA,0.30862593205235,0.285050376630113,NA,0.344122253460741,0.386071401984782,0.411726043751014,NA,0.268125150237367,0.461962599063971,0.158010041786234,NA,NA,0.335191530686483,0.254582170333164,NA
4100,0.37181449059716,NA,0.416129723557684,0.258122062436662,0.376732101582335,NA,0.444864757162311,0.266247816696921,0.178346806334086,NA,NA,0.329019732059854,0.437715364820681,NA,0.402631956885836,0.397158479440944,0.359539939327196,NA,0.369712660858301,0.33780866820915,0.368655013052175,NA,NA,0.348802812865022,0.318484491020328,NA,0.440049372525567,0.346461470410083,0.473028594332889,NA,0.246503693929528,0.244094953369713,0.478469288605979,NA,NA,0.451515549692824,0.388448960964667,NA,0.379582609963404,0.419719542155304,0.478351077801847,NA,0.222961702972584,0.501139164821292,0.32475620264316,NA,NA,0.27556506608113,0.166553807557481,NA
4200,0.48735281318698,NA,0.423898736825983,0.244283284848472,0.232338282519595,NA,0.650602935062106,0.339507095244062,0.264214691462132,NA,NA,0.279081849198789,0.309473171553248,NA,0.383864260620742,0.353306243080882,0.34972656044563,NA,0.334950817625645,0.136308981373825,0.478698469679627,NA,NA,0.336937623581695,0.338149880283164,NA,0.477749845369222,0.357905165284527,0.364638503682269,NA,0.266708014555886,0.339673664562663,0.210961426684121,NA,NA,0.412611768833855,0.26770404631302,NA,0.388334153083496,0.379247684131089,0.490791025758765,NA,0.185177918801891,0.499987527413138,0.166381826419404,NA,NA,0.27101924547039,0.280789179240375,NA
4300,0.395862250502948,NA,0.372936484251483,0.160214591220478,0.370847902444163,NA,0.576645543288858,0.219006799023156,0.221445007293763,NA,NA,0.359575059112006,0.326033827364117,NA,0.446407432201649,0.522256915445044,0.312821090573362,NA,0.245221526684807,0.245144688420544,0.350719901265947,NA,NA,0.170357480526082,0.236396657510586,NA,0.47463393146759,0.333405091925632,0.438332814522642,NA,0.386755753104081,0.380958279912235,0.370372756999063,NA,NA,0.351585631363756,0.424155777347587,NA,0.42510447152343,0.289194024981434,0.69448434685366,NA,0.11314791423389,0.550576601878898,0.164546033382146,NA,NA,0.335714253956838,0.366583467611284,NA
4400,0.39586602677209,NA,0.298242166847326,0.172132677597386,0.354294405110644,NA,0.625014414001086,0.282959505117931,0.206020708198833,NA,NA,0.314643555745271,0.326247656033476,NA,0.447902320323182,0.465678069793457,0.22862012263303,NA,0.282389456003349,0.197366360232376,0.264398966517006,NA,NA,0.276931806528691,0.354616906262814,NA,0.475891336700756,0.255081810514744,0.476320140391499,NA,0.332917682557567,0.236354267099494,0.190421858957863,NA,NA,0.285957863396651,0.351269421987874,NA,0.431545280939154,0.314991039121926,0.640590595345568,NA,0.145673259963624,0.635343870239432,0.0937013347402955,NA,NA,0.401583489513213,0.292707174042035,NA
4500,0.463860538072232,NA,0.417321945183526,0.296575378818694,0.310266798081148,NA,0.532556999606923,0.436132009930678,0.137864253583203,NA,NA,0.211254411063539,0.206864677140698,NA,0.364887097785311,0.372289147392974,0.397319056114504,NA,0.426272299239196,0.235112125309026,0.367992675308148,NA,NA,0.523747485480399,0.332059246500178,NA,0.319460309722468,0.312996331931901,0.531729978203736,NA,0.367680877998111,0.33202052117644,0.288324102223901,NA,NA,0.385085528916094,0.39725647149959,NA,0.501858028434981,0.513712131786303,0.545209628393803,NA,0.201377365943029,0.630775338623422,0.268617833019635,NA,NA,0.458728795288282,0.300596993532475,NA
4600,0.383477324681244,NA,0.233422890035442,0.266918552953067,0.244058339566831,NA,0.404031394182422,0.542997204211507,0.200814142849738,NA,NA,0.195836555536486,0.447330858104152,NA,0.451178923320161,0.347062493758846,0.306775598980769,NA,0.527687070755355,0.367527911834052,0.341353642383522,NA,NA,0.405177608951639,0.446128904329209,NA,0.452604346932089,0.242647566597171,0.513032324894338,NA,0.383492242133282,0.272200889754094,0.275189215912755,NA,NA,0.383949252403625,0.486819086887726,NA,0.371012582403119,0.554870923598331,0.443321728820383,NA,0.376593376029458,0.655840744856542,0.307325944841509,NA,NA,0.482456469332204,0.30071569867754,NA
4700,0.482069932146551,NA,0.298930551010134,0.339848462516962,0.445930093032039,NA,0.362830598580301,0.585204093889476,0.213621542673797,NA,NA,0.247860692754386,0.472960151404391,NA,0.580756797083763,0.369043091445074,0.345084737151957,NA,0.46960061376637,0.341188961250857,0.35674095421433,NA,NA,0.437952281379343,0.377397885551407,NA,0.379288501894077,0.345047253453408,0.341244703878788,NA,0.651720381509141,0.346533076251033,0.348331639907705,NA,NA,0.47196847815168,0.339807625035538,NA,0.413784223823632,0.441724392699443,0.320271131939939,NA,0.331907112036624,0.606241903691773,0.341588484660104,NA,NA,0.44726786310119,0.211963297645854,NA
4800,0.461110906343463,NA,0.310036931501843,0.32263460843334,0.643489506174121,NA,0.417453207994749,0.419521083193133,0.37612743260175,NA,NA,0.360913228715459,0.410393297472421,NA,0.534996791154879,0.34412276549671,0.479402126055909,NA,0.384248999071045,0.314721947583545,0.30008888025505,NA,NA,0.614273241424403,0.38832508518486,NA,0.528154864774067,0.309960518672372,0.450124105221777,NA,0.644169281484922,0.342496012224429,0.270373030841908,NA,NA,0.432604747393838,0.484347431367455,NA,0.555039933726017,0.493118508394459,0.318936818758773,NA,0.27561558256537,0.700290313844477,0.148691955802894,NA,NA,0.438642933494127,0.365984563263455,NA
4900,0.418905115248646,NA,0.427378244850048,0.471689948652883,0.525346512022379,NA,0.455717890226947,0.38045707158379,0.387379252136618,NA,NA,0.194509773461411,0.479421132680681,NA,0.441599733683166,0.39695791805325,0.492520332673629,NA,0.362769492540458,0.39485870284935,0.332588709905318,NA,NA,0.468401188921894,0.452134817077089,NA,0.561097771420346,0.249483149868096,0.38673845748759,NA,0.579361272553636,0.376269635630121,0.26302396858272,NA,NA,0.569730743004047,0.566581768857628,NA,0.481321604806578,0.557904292156109,0.324283223154612,NA,0.386187948401997,0.647871235717656,0.41134477481033,NA,NA,0.363692274059743,0.489141513347539,NA
5000,0.546364218825907,NA,0.618271636909565,0.434255466102997,0.325719471784864,NA,0.517273965577289,0.314131538860799,0.351113350490306,NA,NA,0.241298300507979,0.371941388330455,NA,0.463678693882351,0.240550796198403,0.35399487210314,NA,0.3207863759381,0.425236511683259,0.295706183934913,NA,NA,0.472630169563577,0.411769498765564,NA,0.551942238944093,0.347717113450948,0.428837986536876,NA,0.372483913963022,0.342847343449905,0.258300974124271,NA,NA,0.520516406965512,0.502633754557553,NA,0.466871201972889,0.660505497191919,0.272031896902423,NA,0.258071734805826,0.538185688319039,0.5086483249198,NA,NA,0.391724888481676,0.533957685816828,NA
5100,0.278556901991558,NA,0.609387368373672,0.608114207810379,0.243212165716423,NA,0.630026413324139,0.371596268430142,0.312960275884207,NA,NA,0.297605813298189,0.52414960317552,NA,0.382890250566773,0.399759747459204,0.489832237741249,NA,0.408908007947378,0.450318937775657,0.456878110764593,NA,NA,0.465511100559731,0.35955437634338,NA,0.528587954933576,0.419633132873554,0.307526363350997,NA,0.458361991176569,0.289279920057352,0.332622143746797,NA,NA,0.47742497283132,0.594042156348255,NA,0.517578568845873,0.571509822640191,0.386457550631003,NA,0.269568461612743,0.483199114168723,0.412913041897868,NA,NA,0.426879515469729,0.42035301369314,NA
5200,0.390751763808818,NA,0.639509812886504,0.571057525185252,0.396722132082563,NA,0.595446939783468,0.505869181006017,0.39628124534785,NA,NA,0.381097803979097,0.538300445663735,NA,0.383788442029232,0.527655807988314,0.385812393689729,NA,0.398622390408554,0.452363728854455,0.436212648120072,NA,NA,0.419881936278844,0.453493093494254,NA,0.657971431751266,0.40701321729584,0.280169392100235,NA,0.4342256789611,0.378422979304964,0.431131876423074,NA,NA,0.507571511317372,0.587537811779572,NA,0.336302324881316,0.56435712544802,0.30063396065643,NA,0.327360603329422,0.708388568247806,0.307008713024855,NA,NA,0.443778333210979,0.426575605280468,NA
5300,0.406142211525034,NA,0.590793448633404,0.303399200403752,0.521795557699126,NA,0.611438351583783,0.578434093490679,0.605654831909748,NA,NA,0.459877383718939,0.464815436476837,NA,0.54851309679885,0.557301859718085,0.385384339944281,NA,0.346345145107856,0.478419715775656,0.207669222568705,NA,NA,0.531805562508376,0.438908684984079,NA,0.584747002923285,0.503817301443514,0.314872714118538,NA,0.513285772658431,0.396218096988058,0.460329967878245,NA,NA,0.587214150156812,0.543436412809553,NA,0.389077969685209,0.56576746496997,0.283225086697632,NA,0.353754332595213,0.583353721537881,0.394122936206159,NA,NA,0.515404950449583,0.523968957190393,NA
5400,0.366420977397968,NA,0.518312859900562,0.178111147601855,0.362519991979321,NA,0.543435190460706,0.515192860150628,0.485369083116498,NA,NA,0.587394999193753,0.391881919575497,NA,0.521397688051563,0.588486490627241,0.4691045034398,NA,0.483028733640861,0.452500843313841,0.295316241294311,NA,NA,0.553184009028569,0.365783609398618,NA,0.537010954361184,0.518963252895624,0.271453967250025,NA,0.555849327754017,0.546334653951235,0.534266012542659,NA,NA,0.570080427239948,0.466109855924303,NA,0.208005249307052,0.658822337033006,0.627335540526146,NA,0.427543757295201,0.604233488338298,0.549854935337852,NA,NA,0.235648844137005,0.320872517206523,NA
5500,0.360177742126261,NA,0.471409562061296,0.0845103371085017,0.339832011887155,NA,0.622338910392378,0.434398573636908,0.443942379222572,NA,NA,0.488902903927364,0.368546683732427,NA,0.548148843177787,0.580192920260015,0.332493041004186,NA,0.467596470813245,0.605908079169294,0.176132323693137,NA,NA,0.42702839524556,0.535994716621081,NA,0.398088842271325,0.521865072606421,0.177050775440828,NA,0.470781194234098,0.564434477665979,0.582306392191963,NA,NA,0.524202354181862,0.416490381399037,NA,0.401873318895147,0.52883322113188,0.506937891958712,NA,0.536614480988652,0.632311155447603,0.45033133421966,NA,NA,0.452248763107518,0.415016357460587,NA
5600,0.35005868908489,NA,0.39794287006686,0.204158424431246,0.559638132215066,NA,0.658716547556317,0.284923024839182,0.320180796295256,NA,NA,0.413830825389911,0.465561865522573,NA,0.579882039719356,0.609115450980563,0.360006159537724,NA,0.469504891958928,0.548775333464226,0.311773160330326,NA,NA,0.447793945589379,0.615478961268068,NA,0.50493807550442,0.233234280347644,0.246986136234365,NA,0.300779340211036,0.61925583467386,0.492024313752666,NA,NA,0.483137081557688,0.482956595267315,NA,0.234143398630074,0.506974602621113,0.600844406954721,NA,0.406476938470705,0.402646671964797,0.292692529417617,NA,NA,0.590944833800823,0.468092586454783,NA
5700,0.576631409328733,NA,0.337571591240112,0.202089469270006,0.576442471746432,NA,0.655623936837403,0.336967778554557,0.492018905178953,NA,NA,0.612363278010446,0.682267370342957,NA,0.690109510310602,0.682402455473489,0.406503461937542,NA,0.591589457186836,0.52482002209102,0.415720871336167,NA,NA,0.356475690818558,0.530494528085055,NA,0.571012458314336,0.283618642443078,0.345668545033455,NA,0.355984664765806,0.518496393335565,0.409018190901753,NA,NA,0.490272794666533,0.442161644432902,NA,0.46531432130272,0.544926630473159,0.537021915946085,NA,0.535576377408977,0.404624317194022,0.412051311020997,NA,NA,0.509710210888386,0.36571249629965,NA
5800,0.46410485621945,NA,0.330785771353852,0.17109283951073,0.550981369025637,NA,0.58899708168029,0.379071246452614,0.495402380858771,NA,NA,0.540604991380321,0.507245788558156,NA,0.507969025021471,0.470573177740878,0.522750806491339,NA,0.480532994324206,0.533128652360612,0.394830682756246,NA,NA,0.476172450407731,0.580206969640395,NA,0.738715468483063,0.401034129245337,0.489105108401447,NA,0.638259200554895,0.573049728993345,0.538149439200746,NA,NA,0.475225999668371,0.249436230065432,NA,0.56668332528283,0.591755806644523,0.35586275642706,NA,0.651673971040028,0.529404978827297,0.433692998195333,NA,NA,0.63185163232446,0.531840581777114,NA
5900,0.508591121252835,NA,0.543674560090421,0.326837016325401,0.533827830867414,NA,0.499175684561549,0.506308712657374,0.340915058810651,NA,NA,0.450909597564432,0.471416730578689,NA,0.523209267913572,0.57501580088346,0.510236784158318,NA,0.551417685388361,0.509732673366941,0.498552246576004,NA,NA,0.437683969572385,0.697491802737001,NA,0.626518338310256,0.342098479059029,0.624171620412618,NA,0.750926017660881,0.648498417932924,0.652304712288273,NA,NA,0.651141263826969,0.421603216746585,NA,0.470937920154313,0.621726059108601,0.349923377040453,NA,0.511404457139483,0.306903857930651,0.471057161018524,NA,NA,0.711235180412163,0.578658153784148,NA
6000,0.467451095179544,NA,0.46624755517498,0.474104074748366,0.641805954472889,NA,0.419588517901153,0.434931362154458,0.417574357829259,NA,NA,0.407600137201472,0.539401370520107,NA,0.406591148430506,0.528362839669399,0.42582357963349,NA,0.562913332864543,0.500919721603042,0.63435038277608,NA,NA,0.575099409242307,0.655274022818041,NA,0.615597318769557,0.441234667712068,0.589617304755833,NA,0.517696225067249,0.68310172653867,0.501290673878035,NA,NA,0.553552492887729,0.635111772953582,NA,0.47545669321041,0.573976150049535,0.345344261801817,NA,0.524693664172309,0.573640851466787,0.467993641207448,NA,NA,0.630162263069892,0.498535734154586,NA
6100,0.360129418587291,NA,0.543705056946813,0.420253662841594,0.611424080417236,NA,0.58189009376934,0.326907755485658,0.393648732858079,NA,NA,0.471808917215328,0.290499906080985,NA,0.365589449597617,0.64718138188194,0.476092412064469,NA,0.766314793043523,0.489839779853214,0.552719848556894,NA,NA,0.511434950145524,0.709739231133086,NA,0.535539263178697,0.536231760932826,0.617850843572822,NA,0.36052741478329,0.598260063825942,0.419767079691445,NA,NA,0.625165240037409,0.479486616967684,NA,0.452119196311027,0.387846147767964,0.362294636715583,NA,0.61016281277618,0.624345954057181,0.598241573252332,NA,NA,0.635273009086368,0.550193594048507,NA
6200,0.44504152410904,NA,0.457731184477962,0.438292013567789,0.595084955419561,NA,0.550255955837298,0.472409189460032,0.53578154310246,NA,NA,0.733979818672254,0.399269611878335,NA,0.374184576959889,0.631989995306668,0.567925253949585,NA,0.763289369689557,0.615558549429211,0.637093825166409,NA,NA,0.483079147942171,0.606965486872022,NA,0.437324909132691,0.583921627331609,0.526184347844608,NA,0.370699752883008,0.49558888327776,0.548777184629742,NA,NA,0.633349002572904,0.446947578545965,NA,0.719686877351786,0.346965813394086,0.420010782771619,NA,0.511911831011255,0.617222516821371,0.583018702162164,NA,NA,0.567817990783862,0.419616259851593,NA
6300,0.501471210225651,NA,0.435655127888173,0.540665375507051,0.416831060428547,NA,0.390012094353585,0.496007704026408,0.568556195521898,NA,NA,0.579031156388392,0.531846834678275,NA,0.456858166158511,0.617716490254506,0.607246757668965,NA,0.745578413197506,0.488786340200465,0.684661047213099,NA,NA,0.51500426702246,0.546138600431791,NA,0.485235863067557,0.537941028757464,0.476500221898484,NA,0.175907879961354,0.466125986143565,0.49533860403868,NA,NA,0.6192885268331,0.522172741224023,NA,0.639604349640487,0.421356017688746,0.267969618010897,NA,0.545130198390713,0.599833494475384,0.381971833202914,NA,NA,0.480900023626778,0.41239078759184,NA
6400,0.50379898432546,NA,0.395909114859567,0.643613233665397,0.618778688333275,NA,0.421313105188382,0.495123642597209,0.529877169416852,NA,NA,0.603379274450508,0.442353504728029,NA,0.51180141616514,0.544080451824385,0.538807728749605,NA,0.682212702746307,0.428322161606254,0.634866855744078,NA,NA,0.395872542840338,0.638558232402303,NA,0.444418343043416,0.451984287472625,0.601814204200291,NA,0.317854762028884,0.391512853951035,0.483876280268685,NA,NA,0.517694702806807,0.444313375404998,NA,0.5001330389314,0.224928520741409,0.416063097578946,NA,0.556225398271893,0.484551279207378,0.423665377720401,NA,NA,0.527821332204366,0.4899660805106,NA
6500,0.504920658466661,NA,0.336914883867648,0.553030846430922,0.624757075047111,NA,0.366473524001261,0.363752717447014,0.442451835503469,NA,NA,0.648631033249141,0.366837628711065,NA,0.629309420443379,0.700208010342514,0.437423334851952,NA,0.615612311086144,0.562367634049239,0.691286334324193,NA,NA,0.530284337082888,0.478768276620963,NA,0.353920799130678,0.416884506860941,0.466941299441556,NA,0.276686771386833,0.464348876321646,0.38210404171213,NA,NA,0.480348556405986,0.482844154211026,NA,0.374542221086751,0.386474685442753,0.444815713312236,NA,0.48310626410038,0.566722774772811,0.529976239991491,NA,NA,0.465283337407972,0.673777075989427,NA
6600,0.434335049400141,NA,0.225668488507102,0.513727068665956,0.586676403092366,NA,0.464169141430659,0.286816731901569,0.516446031287407,NA,NA,0.701205519746861,0.451970512641924,NA,0.615767110292644,0.687522698216646,0.444781719507639,NA,0.577355245935551,0.354663508648973,0.602754061203812,NA,NA,0.323201183759273,0.591047443719569,NA,0.529448329933416,0.42314251290724,0.515290829508008,NA,0.428053187622352,0.530779766338973,0.595057319269796,NA,NA,0.576073678366973,0.553906502887156,NA,0.337569764882648,0.310105643894678,0.531926875685089,NA,0.423987643688598,0.587619332300877,0.595554828651406,NA,NA,0.664471460618988,0.718655702921278,NA
6700,0.519600657214695,NA,0.264451862269143,0.480593306297416,0.570178308148,NA,0.469813168124268,0.210518124994932,0.350213493661056,NA,NA,0.660572133342027,0.290997101902237,NA,0.517650827386601,0.599956180711796,0.5314082880879,NA,0.638808982207339,0.388605302528247,0.46149545720028,NA,NA,0.333504447914659,0.725090272859154,NA,0.690234892045365,0.501283886196912,0.557293290416137,NA,0.498717414746989,0.433120556234615,0.614735556370529,NA,NA,0.425835977424682,0.586742540090164,NA,0.444439908687093,0.365173993853126,0.615146860839664,NA,0.334976109141898,0.455993241249592,0.391033622484629,NA,NA,0.712003732739714,0.610626057599237,NA
6800,0.444110358329041,NA,0.353589401455572,0.515119276358891,0.48053142993197,NA,0.32592518641489,0.241254891628016,0.529467810059127,NA,NA,0.520213065449681,0.310541306300856,NA,0.531128181802362,0.515249020975037,0.413468907092422,NA,0.587301191007507,0.45176511390545,0.576713116108326,NA,NA,0.304184590038143,0.638556544905949,NA,0.548233162858533,0.386840492312064,0.714051987910462,NA,0.562434927981012,0.65045637541255,0.682925122890333,NA,NA,0.521684096655011,0.53662409044886,NA,0.54189554009561,0.448986850303672,0.556660475867929,NA,0.395321948454839,0.469783192086837,0.377702037894171,NA,NA,0.529951888047451,0.650236538446112,NA
6900,0.62796449141923,NA,0.487801432182487,0.555843505148913,0.444288895956539,NA,0.422763623224612,0.443127250278996,0.488291879981973,NA,NA,0.424347331088788,0.281035146377406,NA,0.608574373119151,0.539807474222986,0.475095027522489,NA,0.629620368151917,0.574266601204973,0.477741908685997,NA,NA,0.438261301879079,0.602250284491465,NA,0.454450476915345,0.586798880638008,0.474173611747581,NA,0.523804906410002,0.665673008477756,0.685407381041192,NA,NA,0.527467821154506,0.583354448623682,NA,0.531479463730783,0.396054099614367,0.498727621352833,NA,0.53002628627899,0.507276405044482,0.241301567094169,NA,NA,0.44145808743049,0.608613658026134,NA
7000,0.660220606926345,NA,0.575103278203113,0.561374668880641,0.517531849896783,NA,0.343694084337281,0.654301078699689,0.50003854970367,NA,NA,0.441393391048533,0.233610451225388,NA,0.685119736662806,0.483181895677778,0.505977597514924,NA,0.555205853112577,0.454609290310262,0.44863013244107,NA,NA,0.498774537389525,0.69495538105975,NA,0.589375235307012,0.603338584882333,0.479411916852583,NA,0.412011027060891,0.511067184122222,0.717945443443302,NA,NA,0.673436976302106,0.599898703932782,NA,0.420827181753343,0.144180348715931,0.408374671097689,NA,0.488946215087765,0.504653226165899,0.461105608520469,NA,NA,0.515717949899709,0.521975273843233,NA
7100,0.714922250077396,NA,0.493536589753787,0.651681496824359,0.507237950060925,NA,0.332224226340196,0.583707920816424,0.56074977169543,NA,NA,0.502198440065799,0.172194783438302,NA,0.646617738221575,0.50470795238321,0.591486798175712,NA,0.611227205293872,0.56297627403794,0.418936334280138,NA,NA,0.444154820123713,0.610591743956079,NA,0.563831521332392,0.654741857060491,0.644640625419552,NA,0.424216582965882,0.489181339828673,0.690383345828351,NA,NA,0.569107917281864,0.606051190406726,NA,0.39395510271799,0.252725413693585,0.52433778629888,NA,0.4159513216159,0.533212217759103,0.469304525021303,NA,NA,0.425773009129264,0.548663759557044,NA
7200,0.635660798757496,NA,0.444563958886342,0.493863853359914,0.568122684979846,NA,0.385915167483022,0.594148469890948,0.559022062193662,NA,NA,0.471806230966245,0.126551360771511,NA,0.459665137123364,0.427849810573517,0.220489096391185,NA,0.723673601131625,0.53239174769377,0.365715827780511,NA,NA,0.500812114161403,0.5184208773946,NA,0.436479448195203,0.444680905190396,0.729259500225667,NA,0.486073776656795,0.61297196858049,0.611992469564056,NA,NA,0.632371848402251,0.55044944000804,NA,0.367450724098402,0.296914702647238,0.275955401956338,NA,0.311860562750447,0.631176125049909,0.482895848546206,NA,NA,0.327810200399422,0.484925921997001,NA
7300,0.563768966396471,NA,0.482929142483329,0.712881524871533,0.47516185078042,NA,0.412137769088294,0.634949161687403,0.415712649902727,NA,NA,0.487849864097178,0.165717423493326,NA,0.368820376348986,0.446337764021066,0.281801864275859,NA,0.720041037828388,0.413276304233421,0.363263157707864,NA,NA,0.493429986427867,0.222871899488046,NA,0.270264886528642,0.400261577616927,0.604526489554445,NA,0.373526839939234,0.517156067576093,0.545538802749168,NA,NA,0.59752273459304,0.384928086300454,NA,0.355784280447786,0.403018911387809,0.321095441242718,NA,0.264473976260338,0.58054919183368,0.6425972943945,NA,NA,0.275760980978075,0.448105257392985,NA
7400,0.529192634371757,NA,0.46486179611046,0.65469879268158,0.415900645172907,NA,0.454982740228723,0.623570528341593,0.503588920451397,NA,NA,0.465823880088577,0.335740072970817,NA,0.307617043438735,0.53161020946605,0.33139487877796,NA,0.448518492226328,0.493806161288874,0.313253804938894,NA,NA,0.342013223047898,0.154315399632703,NA,0.358976610607998,0.400991314747948,0.357724624176191,NA,0.544056423578485,0.507912168706397,0.414249669447604,NA,NA,0.542937842863626,0.300942364541952,NA,0.452994331033299,0.56363893201675,0.568358181703376,NA,0.325626806778025,0.541990893397001,0.661875902313453,NA,NA,0.338522295397428,0.553092174995386,NA
7500,0.542236950323211,NA,0.477397794137119,0.640956511578249,0.266667578591562,NA,0.429978316539884,0.600441786856762,0.529234963745662,NA,NA,0.336673400336776,0.438381913557329,NA,0.269562336211487,0.486304748981747,0.422471362362955,NA,0.41709350558489,0.701764444968958,0.166138955024821,NA,NA,0.360234111920214,0.198288295043762,NA,0.503441415112841,0.487863374544777,0.434205540265314,NA,0.561595075495411,0.457115717371857,0.385179858411741,NA,NA,0.556254682745026,0.320897014179999,NA,0.530589737501861,0.416299760699458,0.658334585243777,NA,0.273688213409624,0.432166132606453,0.59218479988442,NA,NA,0.451294600288831,0.437878859061828,NA
7600,0.607601288706239,NA,0.221480876266128,0.494584112541858,0.438006605009662,NA,0.44731438190178,0.549092967098016,0.422256716589945,NA,NA,0.377831685599018,0.416196514042862,NA,0.417363153353028,0.490440015805778,0.5379255904212,NA,0.340513911758649,0.608678146511714,0.2444911547756,NA,NA,0.50126680190484,0.195499637883648,NA,0.407885088098677,0.355141310903544,0.241827316984915,NA,0.397155625140485,0.493773890126642,0.375656882127462,NA,NA,0.368759497157714,0.199726220052958,NA,0.424896196926797,0.297097470162607,0.498910462662347,NA,0.386316454495704,0.491951645941109,0.575158402461476,NA,NA,0.46482539277005,0.465553110431441,NA
7700,0.424034491189396,NA,0.350957888382456,0.560774060329626,0.530435150652712,NA,0.311679062809418,0.296111286166952,0.314365674940062,NA,NA,0.496733086242988,0.461703696304782,NA,0.333122651497803,0.406353336285846,0.451338545137464,NA,0.274068915744487,0.394030794786212,0.224288228294897,NA,NA,0.623244482760595,0.0607089288624881,NA,0.540973230074464,0.411372958464212,0.309841221677101,NA,0.347902131625807,0.467070434908284,0.342539762952106,NA,NA,0.239432391918811,0.402369354246033,NA,0.422481591102415,0.175299948146029,0.375006463817046,NA,0.28676158659343,0.339864706567761,0.512979469554858,NA,NA,0.340384052288925,0.548793356813606,NA
7800,0.480522395394886,NA,0.511211480608486,0.501180254319872,0.648662154270446,NA,0.355559555587123,0.264624406580838,0.429534077022676,NA,NA,0.532718583609069,0.456355301295401,NA,0.310403140179202,0.252570829512877,0.415872638867718,NA,0.164260535623793,0.372260825722447,0.389469916531422,NA,NA,0.408550009911017,0.143874545805917,NA,0.532398892551512,0.528083788503777,0.312714952561801,NA,0.347474901635023,0.376170523640397,0.31473054693766,NA,NA,0.162808774745399,0.57487572812628,NA,0.52926135411738,0.213300183348798,0.470386147395406,NA,0.378473580520497,0.282174727734665,0.485049493866174,NA,NA,0.264498726084549,0.460705483830621,NA
7900,0.466450367820537,NA,0.458896826930109,0.575637642462934,0.579286177247825,NA,0.30649838984365,0.298569052033537,0.446825960132227,NA,NA,0.370905069023332,0.532165491586098,NA,0.264345517862797,0.295669544873687,0.242615362864665,NA,0.247241922343509,0.273349474510109,0.36833047678509,NA,NA,0.447912922840759,0.166434660877604,NA,0.544946127784992,0.391011552411101,0.281431214731405,NA,0.346218496193088,0.389043896898993,0.374961328742085,NA,NA,0.359068854389753,0.489395218975209,NA,0.682486219948869,0.135786432558066,0.4769064866038,NA,0.357157471688112,0.294650454651616,0.396156138536935,NA,NA,0.297142733650449,0.459031974068337,NA
8000,0.295837852699611,NA,0.250713537364809,0.627783389702514,0.602875249938658,NA,0.264635865417069,0.169914827594808,0.539190776795705,NA,NA,0.285935416386243,0.361040822083244,NA,0.352008077671096,0.313867905494598,0.228751654865145,NA,0.246450081700301,0.374409772119834,0.265235521497181,NA,NA,0.458514776044381,0.0669554801481184,NA,0.640990098157098,0.52378810052406,0.287233862988883,NA,0.342094296140398,0.4468788179562,0.503344837043147,NA,NA,0.499257151492305,0.438545119072314,NA,0.479616679427475,0.251439327562775,0.452663615103535,NA,0.230262576465907,0.224238069952046,0.322954819800005,NA,NA,0.334470370610225,0.356918451056391,NA
8100,0.18308385711672,NA,0.326751984175362,0.495810713244607,0.455316882923448,NA,0.40010431211705,0.241251936984338,0.589935714806373,NA,NA,0.208023715149885,0.508938792810302,NA,0.289057479652797,0.268827228775854,0.280721265167899,NA,0.259464655547964,0.391352599924361,0.316249573040076,NA,NA,0.298751122566741,0.0978783312711211,NA,0.605540626684103,0.470148155974495,0.347887508166919,NA,0.339297204729301,0.521911297150482,0.274357209502823,NA,NA,0.32747951224264,0.407579581230382,NA,0.438432511214217,0.141651260480772,0.353377363356958,NA,0.335011863877295,0.29650776569415,0.324258203763997,NA,NA,0.273461060384772,0.2780209484373,NA
8200,0.181187516801927,NA,0.162183100816027,0.50556118800063,0.363883771800147,NA,0.538161890508157,0.265127517095116,0.344923291991928,NA,NA,0.239287045283105,0.286791824357195,NA,0.313837372177293,0.0982175290985596,0.311297387342183,NA,0.164393502423941,0.308231134531851,0.460086822264638,NA,NA,0.405575124644457,0.226730273364561,NA,0.578648439999377,0.527397845696996,0.504314210293767,NA,0.244262295499649,0.451744484322406,0.251349478562478,NA,NA,0.329021061335067,0.385704296227021,NA,0.542671465259969,0.175860499763019,0.478837937122463,NA,0.339229148201631,0.39610964411843,0.407282531039498,NA,NA,0.12925373621306,0.391169770778408,NA
8300,0.271543359096455,NA,0.24145273000221,0.239456065758568,0.379170454766497,NA,0.463634208887669,0.330791363234748,0.288057078557714,NA,NA,0.18179166728569,0.275044219430818,NA,0.30345504550824,0.27690010724259,0.206192710086434,NA,0.157768259592863,0.216630325630093,0.368498233801531,NA,NA,0.267107299506678,0.245081995989252,NA,0.49362088523374,0.56826358205724,0.701455168318665,NA,0.277671206862651,0.276004125844458,0.285021959478367,NA,NA,0.256457332475076,0.130240531383896,NA,0.422780179064554,0.288609072013216,0.375316648701038,NA,0.218886761227383,0.373511978452324,0.391984780030551,NA,NA,0.0509593421433643,0.412245736805404,NA
8400,0.450703206895516,NA,0.269472742409598,0.135834220022826,0.232019707912409,NA,0.408433040144146,0.315810063550093,0.249642145263432,NA,NA,0.140486193855659,0.22675583793024,NA,0.445861439373564,0.21767996533809,0.217890800478377,NA,0.238378508559878,0.137754997461049,0.181700325957411,NA,NA,0.190664378964046,0.37085641715667,NA,0.433274068848692,0.451435692344416,0.652476609565841,NA,0.111368810287574,0.301433855569082,0.292184830079863,NA,NA,0.2745494440287,0.101578404366603,NA,0.438452605506557,0.305522066160458,0.432418176957069,NA,0.211663998700082,0.348776683941207,0.430211688463643,NA,NA,0.228458864464018,0.488982358819238,NA
8500,0.434797168207532,NA,0.417582980612604,0.151336145545757,0.345446049792281,NA,0.437551507629137,0.351556833188698,0.363850936022206,NA,NA,0.159290837113673,0.275051309550372,NA,0.275646739534151,0.196019998629157,0.120109012154929,NA,0.279215989793757,0.18282528717031,0.286669661827301,NA,NA,0.18163545211239,0.152693470898476,NA,0.540659236457201,0.47577787251686,0.498328693729306,NA,0.0179666172434537,0.298630233171279,0.264227890161632,NA,NA,0.309185697118522,0.197569101167258,NA,0.356934378585451,0.331501787752509,0.507938057323009,NA,0.235362253195678,0.250659150669401,0.315184324401888,NA,NA,0.173678426809052,0.257434875174916,NA
8600,0.348065303487797,NA,0.398033585608686,0.281127252860965,0.391688785654457,NA,0.357001791340717,0.382455779065505,0.314900339577709,NA,NA,0.166154678035807,0.1081332083806,NA,0.174775834088526,0.254153082282776,0.138446798280889,NA,0.357204185029466,0.376922285361312,0.228751756605469,NA,NA,0.283924593396884,0.183930211343086,NA,0.318194912468924,0.417439489214213,0.398059347725527,NA,0.0834472126387247,0.285870300808119,0.171741189422707,NA,NA,0.169767744430535,0.301236164260815,NA,0.219023170370003,0.49819401767988,0.466824923280358,NA,0.228463457153353,0.357250222579627,0.315996669922525,NA,NA,0.0719631984062465,0.159117285948196,NA
8700,0.371637341515842,NA,0.382834160482936,0.263941496320336,0.308381001811441,NA,0.216126721420128,0.319810816856713,0.340788370718098,NA,NA,0.0615783395661505,0.336017892863001,NA,0.233702484796788,0.203439331613966,0.136233999780131,NA,0.379204549968708,0.418022662293501,0.20619973937726,NA,NA,0.242608536527667,0.173943064993853,NA,0.159279131834704,0.383353448959511,0.394121975269012,NA,0.0319701128570142,0.267341928016205,0.266218622625485,NA,NA,0.153672956090169,0.269006217953578,NA,0.419047997012195,0.387863080657482,0.322377487731595,NA,0.426987293852602,0.416605408599832,0.418961537709039,NA,NA,0.327010379531234,0.250654287673548,NA
8800,0.353551737646168,NA,0.253842876078471,0.314305213772465,0.25045999103447,NA,0.161319568584334,0.309797561475222,0.176025110430431,NA,NA,0.264511424771146,0.35463626081854,NA,0.277977989460706,0.281169774417183,0.0397507616951658,NA,0.379289347632365,0.521208805250183,0.314780968184719,NA,NA,0.171394645399455,0.250775992608826,NA,0.276360646077623,0.171329779466221,0.260707044501111,NA,0.127473051096905,0.181295981030444,0.234891627557216,NA,NA,0.07193788440344,0.231689770247356,NA,0.345033770273712,0.292368177266288,0.370542601867901,NA,0.366100919678202,0.297873608185267,0.416281134734078,NA,NA,0.220248615419062,0.31798624340807,NA
8900,0.309546700378218,NA,0.224596291545475,0.340496485675202,0.248262496384323,NA,0.256680646954613,0.293205227723064,0.290765590828161,NA,NA,0.213641390627804,0.228992165230968,NA,0.298358516631147,0.313628690549918,0.153350184560156,NA,0.184586205358017,0.624014603202902,0.381781972759774,NA,NA,0.019028505985722,0.095725155468133,NA,0.210226897211496,0.00750613292910079,0.3342140197599,NA,0.377955606051354,0.229670046526757,0.186776363845679,NA,NA,0.156085442152072,0.199934182326204,NA,0.297995113572218,0.441462095836591,0.327737726449155,NA,0.229909834255904,0.297560993284634,0.0649201620168935,NA,NA,0.174206559523128,0.351279320964709,NA
9000,0.432966133002691,NA,0.223287276633414,0.228620889151351,0.272070189692899,NA,0.109185077996569,0.245443871688061,0.356850546869336,NA,NA,0.169026495928886,0.136583535118119,NA,0.41176554523006,0.341239342003862,0.31172256962071,NA,0.211214388139683,0.489194338291786,0.282080833582728,NA,NA,0.207766563665291,0.221584207482598,NA,0.286848707389464,0.0590607175553821,0.293237954315826,NA,0.550221285341328,0.235598525912959,0.117971305552997,NA,NA,0.026537053565462,0.25168036660362,NA,0.274707897065923,0.362540639724603,0.309379547637097,NA,0.220768545481751,0.201513206693428,0.177105913194878,NA,NA,0.256717148963112,0.322071262829667,NA
9100,0.265753164890798,NA,0.315594579786836,0.400020691306964,0.438586561467448,NA,0.27449234137397,0.193967071860245,0.199194888637749,NA,NA,0.253152228638569,-0.0105527310204274,NA,0.320296587155375,0.376824355218376,0.156909853108462,NA,0.290809189376348,0.559900825884973,0.179205979726806,NA,NA,0.288896396032076,0.136291597881898,NA,0.155128225368389,0.198944633147731,0.42909017626434,NA,0.178409640836089,0.391110474871302,0.168972959289543,NA,NA,0.181040894838597,0.228628414126005,NA,0.159538853420986,0.285082567961545,0.295865262388527,NA,0.301117517000452,-0.00290684356633175,0.189202114922591,NA,NA,0.242422696814294,0.290556595923426,NA
9200,0.293495750535995,NA,0.152506484166208,0.179276797821728,0.415618505439396,NA,0.166429632502307,0.116249673014124,0.0771252003505273,NA,NA,0.321584255956459,0.156465140892809,NA,0.206493297225765,0.220191165906671,0.299505061664078,NA,0.42136509963133,0.568410205749136,0.195962187150497,NA,NA,0.510165756407515,0.101836065366225,NA,0.214080390842275,0.159094243486391,0.386884790463447,NA,0.0936968108397891,0.448831863318803,0.214258783763501,NA,NA,0.19129435294141,0.167632041566382,NA,0.387655643711591,0.171945907499131,0.239061078404051,NA,0.36434556583853,0.0392818718484964,0.426274900042366,NA,NA,0.308436256797485,0.132426814503472,NA
9300,0.196359720331692,NA,0.0539514958790058,0.112708090909281,0.191397806651517,NA,0.11724084628673,0.20750858021732,0.172819141970043,NA,NA,0.265152109058201,0.0384149476257906,NA,0.0901476791358168,0.285130829555902,0.326248330394265,NA,0.203163294687467,0.305910747609706,0.333710024261138,NA,NA,0.475625868682884,0.379950836363104,NA,0.274609805851442,0.0882017252753481,0.362982200493864,NA,0.350982497668472,0.504202136447627,0.236668265419582,NA,NA,0.255679742432349,0.193083437190992,NA,0.397943594181983,0.142012082583771,0.207640944181859,NA,0.216806296100358,0.309756825753486,0.491463245976972,NA,NA,0.342128905901622,0.137346987318836,NA
9400,0.149484997572791,NA,-0.0345649857812164,0.16095996968587,0.286830766726202,NA,0.187942328852978,0.190894100675695,0.124471802513082,NA,NA,0.229792936819692,0.11029126773877,NA,0.0517397187364452,0.177158542096707,0.251363069811901,NA,0.128903173806276,0.18529065933863,0.306239363724785,NA,NA,0.471662647509292,0.283676636016953,NA,0.26204775683217,0.0548605849665553,0.247099881197719,NA,0.231289344244508,0.387110592549745,0.164618738881459,NA,NA,0.259242014575601,0.0177853990194834,NA,0.141064441335099,0.0918920813116254,0.119106183702173,NA,0.332123053389671,0.329643778125228,0.361432965507973,NA,NA,0.155141949541551,0.18158661759634,NA
9500,0.264197771101183,NA,0.0328470484527601,0.0911081939010699,0.270887495976508,NA,0.409483828911505,0.306004831955118,0.187703783110768,NA,NA,0.283210207434443,0.129258511090575,NA,0.0470500559829437,0.221990629929343,0.352772780866424,NA,0.0151002922089329,0.149705976506261,0.149028217495883,NA,NA,0.284996184454609,0.0591078937540829,NA,0.269101744926495,0.052152959566465,0.288750190068989,NA,0.118290811994217,0.360198166063034,0.258540155890674,NA,NA,0.249300737656774,0.209449335522866,NA,0.27530534773564,0.25662851783205,0.236959237499498,NA,0.318929825094678,0.348483441488582,0.347501664006829,NA,NA,0.14807321624947,0.138168567573533,NA
9600,0.154606712557516,NA,0.149737866122626,0.145715799164415,0.239822497794076,NA,0.2295939812367,0.0997617984901159,0.0794124208834764,NA,NA,0.243894843595287,0.199064145898231,NA,0.183181074968914,-0.0163312387248394,0.296409530077487,NA,0.0585766632703202,0.209320039062457,0.227860730877484,NA,NA,0.372355378374227,0.0414729435715863,NA,0.157468707315333,0.0990881223108652,0.362067129895106,NA,0.137496956125098,0.379803522441295,0.299483902135938,NA,NA,0.187472429551762,0.298292907215545,NA,0.246955823289126,0.206855653193715,0.249963236376027,NA,0.276524142601786,0.385882803811688,0.229463143126701,NA,NA,0.204151244046535,0.200915843214616,NA
9700,0.130671940694812,NA,0.333973022050432,0.22913993834837,0.00203498183404582,NA,0.16577997935995,0.0139234253425602,0.275780197662941,NA,NA,0.212519713251096,0.109710823555957,NA,0.159389644686866,0.000208491786511444,0.129385576726454,NA,0.173600770451499,0.231083007952472,0.271282981049237,NA,NA,0.265369264674859,-0.0392298998091173,NA,0.118288082994642,-0.145836950462202,0.198332944828337,NA,0.203922258775337,0.170163963242868,0.0649130092265006,NA,NA,0.258461059036342,0.201448329369669,NA,0.0960614587060978,0.0662709362564504,0.330326930333316,NA,0.253298327688896,0.295919541434859,0.374807540494698,NA,NA,0.290023872912671,0.170907111830194,NA
9800,0.194850458583583,NA,0.165571965579011,0.117098040893352,-0.00223829520167573,NA,0.425047160156067,-0.0492823899224081,0.11834426242756,NA,NA,0.00522948989506042,0.0599927751510099,NA,-0.010101182533941,0.178005310584186,0.28202157092799,NA,0.254832799345587,0.334533170399881,0.276375022529016,NA,NA,0.0553997716196905,0.130779105255376,NA,0.106126534386438,-0.0210653054545891,0.183848242306135,NA,0.191290308020569,-0.0388171450380586,0.233213807582977,NA,NA,0.249465318358409,0.19004194251173,NA,0.149668879104201,0.0325817084045202,0.127997890564044,NA,0.272261432333898,0.239892024661814,-0.00541513537240035,NA,NA,0.0657262296845512,0.267248779322062,NA
9900,0.111759191692705,NA,0.0629888507096767,-0.0106284697591917,0.0941746960414123,NA,0.0599466188545003,-0.0810450919996741,0.135604656422454,NA,NA,0.0618374672294119,0.138560085982505,NA,0.149909802425484,0.143609825428663,0.354605663789923,NA,0.21568653608616,0.098347688074798,0.228327790400499,NA,NA,-0.0182797612725991,0.0526315112818625,NA,0.1466108721744,-0.0421706265305305,0.129013910499641,NA,0.188148383580644,-0.123283672080284,0.19260526569328,NA,NA,0.0434714126043948,0.036707452215741,NA,0.0883070756897536,0.133013204161143,0.00603384495587037,NA,0.310056083637018,0.0702725553358369,0.113373242580728,NA,NA,0.0272165248563854,0.254689490204266,NA
10000,0.114337716899582,NA,0.00882423367681964,0.0434726238205701,-0.0666598070354161,NA,0.0758776708265608,-0.0377577825440293,0.158327738712684,NA,NA,0.0264480256403336,0.208202066912792,NA,0.364873365929307,0.0564383947724647,0.260684651482189,NA,0.237581629013043,-0.0284626978974535,0.104682707653313,NA,NA,0.0461210964064908,-0.0282712318814613,NA,0.15612322366878,-0.119915064359919,-0.0447400732692044,NA,0.162246504281875,-0.132363054615137,0.107621254997419,NA,NA,0.256264116469796,0.0271719787011981,NA,-0.0229795544289025,0.143651679618673,-0.196775389914788,NA,0.420290297380292,-0.0071629216607228,0.179980301837611,NA,NA,-0.0485069093150657,0.105027651962343,NA
10100,-0.0501843842399637,NA,0.144644574860459,-0.0190790357631747,-0.255814711175362,NA,-0.069979729482135,0.0055386587659243,0.0819737612145263,NA,NA,0.0739495727487924,0.014692621158485,NA,0.239945879791791,-0.00802757186815739,0.384345038076467,NA,0.255004753239427,-0.0252963739926243,0.23163958028823,NA,NA,0.255795605867294,-0.00942960222272662,NA,0.15410461849648,-0.169027024193813,0.0547499920452478,NA,-0.015433270649536,0.0463745347992913,-0.0353588442242718,NA,NA,0.156035898013962,0.0578680652243031,NA,0.0390105959360265,0.173256024101491,0.0329275252474706,NA,0.324630614549949,-0.0431055783674639,0.0648127683039534,NA,NA,-0.147269283243023,-0.0774805338811049,NA
10200,0.152195656252426,NA,0.113722902114867,-0.162387356831802,-0.209815368282511,NA,-0.0542246950573501,-0.0821424965418298,-0.106683180408669,NA,NA,0.0416248389419475,0.0655390865118237,NA,-0.0125561441547766,-0.198387491453989,0.424892949119236,NA,0.207885696887613,0.00924648192837438,0.194929429655016,NA,NA,-0.0107399671378192,-0.0675123662279724,NA,0.136853369371755,-0.182229159617856,0.0979259594398957,NA,-0.0650204098066813,0.0714089658749088,-0.0807834424846984,NA,NA,0.159928979477418,0.0460215304897041,NA,-0.104447275541801,0.103391555220658,0.0259301581896861,NA,0.185743688100496,-0.09920571972757,-0.0311256112715371,NA,NA,-0.177810008507283,0.0161272389352159,NA
10300,0.0528809514040037,NA,0.100895895991607,-0.00371662067695663,-0.136569296756404,NA,-0.0597754676496364,-0.0214839987715844,0.0685260000542701,NA,NA,0.1856400740491,0.0471654369555436,NA,0.0483047258262015,-0.045001581301857,0.238344028131732,NA,0.175666776958613,-0.0164845406536836,0.0636176413370805,NA,NA,0.00320802360392844,0.0238146252053806,NA,0.0767979182748607,-0.0631217001345992,-0.0438808289062119,NA,0.0119732135230078,0.036413151377904,-0.0540431788402976,NA,NA,0.0975050456415261,0.144901578409333,NA,-0.0826309141477375,0.122215650838252,-0.0541952240844756,NA,0.161789895176841,-0.168710591179269,0.0410334447483642,NA,NA,0.126216146338102,0.0108179569551308,NA
10400,0.0900167984533117,NA,0.000628505223694259,-0.103170909911681,0.00489147368082515,NA,-0.148513777340926,0.0744081283780586,-0.114364191832663,NA,NA,0.121354817779211,-0.118969369424577,NA,-0.0194078020859467,0.0679607612832917,0.180748798499836,NA,-0.181736128573012,-0.00623246020005044,-0.044231113839032,NA,NA,0.00994734275646156,-0.101141374424707,NA,-0.264815441400814,-0.0995165770094154,-0.0184446148204412,NA,-0.138772544292948,-0.209973920544548,-0.186080399931139,NA,NA,0.279743642510916,0.0516176904712112,NA,-0.177296680021313,0.176942514166818,0.030218873504079,NA,-0.00845062037323382,-0.19581295205618,-0.140522316799181,NA,NA,0.204232506180816,-0.0990370515060793,NA
10500,0.0662134725399388,NA,-0.116786578401761,-0.159977664305522,-0.0674733255020223,NA,0.0212938279657143,-0.124045117429401,-0.059327730160345,NA,NA,-0.0197753661109863,-0.151403932251059,NA,0.0627407311331988,-0.102299693327259,0.0280212904331101,NA,-0.207408633203172,0.155745121000121,-0.0441303196951848,NA,NA,0.129480814888939,-0.206144270728791,NA,-0.230893537664627,-0.158120935768417,-0.00754069903172871,NA,-0.131020006964962,-0.1887727587511,-0.203787632721561,NA,NA,-0.0808188246346513,0.0955651018303535,NA,-0.148723903402153,-0.103288272654141,-0.114224718753675,NA,-0.226352426729535,-0.236335064747582,-0.102527277478473,NA,NA,0.145753162822562,-0.0296129695275223,NA
10600,0.0321467346666083,NA,-0.220717508040686,-0.116714160921999,-0.14285325614161,NA,-0.143638858159978,-0.241872690014914,-0.0301632253656627,NA,NA,-0.14265969153335,-0.261222337146267,NA,-0.142014341727895,-0.138872641337362,-0.0169553347562982,NA,-0.141381855523067,-0.0646191334887599,-0.248965411137588,NA,NA,-0.0301257415409344,-0.156009702433961,NA,-0.19562634829506,-0.219943550899297,0.0460987934841049,NA,-0.275792473264577,-0.0524644730030808,-0.129662975147152,NA,NA,0.0574788062118465,0.0924362867789194,NA,-0.191220309585624,-0.217521850879553,-0.205014168357766,NA,-0.11600234709393,-0.045950130936215,-0.0586810646171283,NA,NA,-0.117182757822485,-0.164218890515811,NA
10700,-0.0299713075787492,NA,-0.0408609814267434,-0.0898864497796462,-0.120346177304166,NA,-0.195560242046305,-0.12161000186477,-0.139799597600133,NA,NA,-0.0426624777033251,-0.316034999500881,NA,0.00227868868656111,-0.0159559545999307,-0.0494073214506575,NA,-0.00596643438337924,-0.298952355281121,-0.168160261020904,NA,NA,-0.326552107905972,-0.0712510367146397,NA,-0.24112651454267,-0.256567210247886,0.0371893877293629,NA,-0.239125273106629,0.0224919969990152,0.0133246880809852,NA,NA,-0.00380502786395132,0.189789619727512,NA,-0.270638000923321,-0.0636961010027248,-0.250087493643819,NA,-0.0768609290198629,-0.27013060414181,-0.0263973409798247,NA,NA,-0.21055801114407,-0.180931368359889,NA
10800,-0.198322005296617,NA,-0.151064788678812,-0.121687526636037,-0.137642452388854,NA,-0.286849114990026,-0.151986059196755,-0.196495129544355,NA,NA,-0.0846653033878328,-0.302111969131735,NA,-0.0168968313471164,-0.0628139847137944,0.0213583983202586,NA,-0.128943305412784,-0.013531953133702,-0.264931171517878,NA,NA,-0.401675696056857,0.0722391338574727,NA,-0.164368366803192,-0.144290236590985,0.0333168858282476,NA,-0.329127448506253,0.0405560957404978,0.00616649871385108,NA,NA,-0.261684382477433,-0.010257199445219,NA,-0.222941637440661,-0.0135046340788831,-0.109072479498914,NA,-0.114331033743348,-0.294011460692083,-0.171136294166737,NA,NA,-0.0717795864887717,-0.138296833676903,NA
10900,-0.142983057542743,NA,-0.292169256884317,-0.182387325437892,-0.372443183076893,NA,-0.144451098274019,-0.144025103174719,-0.259001098409941,NA,NA,-0.093398160720521,0.0178124462316251,NA,-0.261915976190596,-0.356964244068866,0.0230060092075334,NA,-0.136085344152794,-0.0181600676197615,-0.234179748940315,NA,NA,-0.369313978194368,-0.212162216204289,NA,-0.129781644132745,-0.0875666081913316,-0.215264921272357,NA,-0.23860715149403,-0.137239366626827,-0.278511078215447,NA,NA,-0.246781630018442,0.0430563684775952,NA,-0.187445139230569,-0.142806470100341,-0.220530562264506,NA,-0.367888468386738,-0.516998027470321,-0.304697578062551,NA,NA,-0.197767150582906,-0.25229754409226,NA
11000,-0.207560337655093,NA,-0.161933783522137,-0.291013246439734,-0.434113856551632,NA,-0.239174606212684,-0.0534112389180594,-0.0947775057937052,NA,NA,-0.399965536852804,-0.173086021843991,NA,-0.226483134967867,-0.0808251875806494,-0.144996457789404,NA,-0.402583984543247,-0.214851872227375,-0.251119183329496,NA,NA,-0.366524468374262,-0.0143764735214915,NA,-0.188466310839329,-0.031954098832843,-0.360274412457566,NA,-0.20899512644987,-0.273865605726513,-0.138574560109949,NA,NA,-0.162797844295317,-0.070413223972434,NA,-0.334958465262747,-0.0509195645150334,-0.222236635640005,NA,-0.433600911238154,-0.56060411965791,-0.332439564414391,NA,NA,-0.306433664028162,-0.391028741352933,NA
11100,-0.348725230188257,NA,-0.198572932629817,-0.289987329285391,-0.494747147667077,NA,-0.265750787846027,-0.263115079565407,-0.346096314261524,NA,NA,-0.405673655510606,-0.294198612112553,NA,-0.283487457497587,-0.173910424626199,-0.271999571644283,NA,-0.434226953006101,-0.101989474139619,-0.235163269201323,NA,NA,-0.266469781283298,-0.0790572082297061,NA,-0.417239503981317,-0.120577456763106,-0.370888958332517,NA,-0.222233385928719,-0.22455616391044,-0.0544222965683795,NA,NA,-0.380909787846533,-0.290788040630664,NA,-0.591914417675211,-0.151899765253581,-0.341888426842237,NA,-0.305610094755755,-0.701921369707529,-0.501969106276309,NA,NA,-0.223307245528496,-0.359030639406558,NA
11200,-0.563114450054295,NA,-0.273394027100803,-0.229833165822933,-0.3244678424414,NA,-0.426432614876471,-0.0706322702860263,-0.319341355082029,NA,NA,-0.402479589124551,-0.552081476387681,NA,-0.4510236496849,-0.38349688422072,-0.365652536727438,NA,-0.255459328426374,-0.20144358609586,-0.109731986381565,NA,NA,-0.537301111869031,-0.0675667429376055,NA,-0.376123988412818,-0.264634751686267,-0.409204497259775,NA,-0.578867390777754,-0.284133179865916,-0.337235414422189,NA,NA,-0.278576305328639,-0.227621203164879,NA,-0.282675193791222,-0.256498534795504,-0.421370369834484,NA,-0.181656743791791,-0.458078108252108,-0.550780245362082,NA,NA,-0.0349723155210246,-0.607217304440274,NA
11300,-0.43534950810811,NA,-0.261224118924208,-0.385633553816956,-0.511441233748062,NA,-0.516914303557275,-0.388146365005317,-0.35197235238112,NA,NA,-0.471187527697211,-0.54882804450272,NA,-0.379197319206733,-0.507057321269056,-0.448989924448564,NA,-0.525180383306086,-0.229484949050166,-0.19131605502628,NA,NA,-0.521616369979238,-0.262596007105531,NA,-0.465512390934472,-0.450466432039071,-0.511906403646881,NA,-0.522574154921863,-0.454559476642065,-0.354339922257645,NA,NA,-0.630540796629801,-0.32182255894702,NA,-0.402836407411068,-0.443065541028121,-0.416614206818447,NA,-0.232244093572221,-0.720237928509291,-0.583533265253373,NA,NA,-0.206604684187737,-0.442578027116982,NA
11400,-0.634784832613918,NA,-0.514304489420774,-0.350458121167919,-0.524710682219424,NA,-0.576500357906542,-0.64539023737255,-0.417074060783585,NA,NA,-0.70629580048697,-0.684296364314115,NA,-0.496898100099602,-0.50162563797732,-0.432241214570612,NA,-0.490360162637361,-0.297456924193168,-0.324495645916163,NA,NA,-0.459692634658366,-0.495758517511473,NA,-0.581785982709636,-0.569108717773589,-0.76504799550314,NA,-0.595043871215057,-0.583063625193635,-0.46459964737354,NA,NA,-0.692179069109019,-0.428307319999777,NA,-0.502720131895804,-0.432746630460155,-0.601365076895277,NA,-0.293217848607558,-0.778180678911887,-0.641111578055193,NA,NA,-0.407710512391708,-0.454594806269485,NA
11500,-0.791458137328972,NA,-0.775522143070148,-0.546135423568803,-0.550678998063391,NA,-0.658016565687576,-0.787324215285824,-0.539216749918561,NA,NA,-0.642145589707112,-0.591817072185095,NA,-0.541980250511641,-0.670454317555161,-0.462992785634196,NA,-0.611749788143538,-0.591145098428128,-0.387862427187956,NA,NA,-0.636421974904009,-0.629224632722248,NA,-0.708970723749043,-0.515068178795836,-0.785793643521611,NA,-0.572863750525019,-0.67370412194063,-0.585495436945486,NA,NA,-0.799251039528879,-0.678563699810714,NA,-0.528753586898534,-0.528784400674363,-0.770362210862004,NA,-0.173446214326459,-0.934554259365503,-0.544720973727431,NA,NA,-0.549903006207461,-0.580035984207182,NA
11600,-0.763325185196403,NA,-0.704635548389844,-0.546142980996855,-0.823068120820161,NA,-0.789867332617598,-0.743284232062253,-0.730330461226851,NA,NA,-0.704839176940569,-0.779625356779171,NA,-0.599098959505036,-0.804089974687595,-0.65328909065612,NA,-0.8934803983216,-0.495357346277976,-0.573251077015919,NA,NA,-0.681373595110807,-0.615979113714829,NA,-0.821515895053264,-0.783441234441986,-0.797284344194146,NA,-0.563432853926493,-0.808828675927395,-0.614065649831461,NA,NA,-0.788538653170861,-0.653795420387811,NA,-0.469363692450468,-0.722341487363612,-0.811884870785291,NA,-0.380420532871147,-1.0736251566538,-0.527246381625224,NA,NA,-0.503997353675489,-0.870653825008861,NA
11700,-0.97496366690238,NA,-0.775156785828992,-0.619312538654027,-0.894295852245139,NA,-0.867449516977662,-0.666727786739597,-0.889288774562264,NA,NA,-0.837502666248057,-0.812708909933157,NA,-0.784098026795806,-0.9777676035899,-0.530537993235095,NA,-0.686855437658893,-0.814014328567072,-0.671798135653233,NA,NA,-0.89315603439842,-0.862738051244864,NA,-0.914482707342601,-0.728708462423561,-0.896783802298683,NA,-0.633815825860127,-0.786832068241604,-0.816266751416276,NA,NA,-0.901069028067345,-0.749067971647031,NA,-0.717793896927675,-0.724320672721025,-0.782737998229389,NA,-0.639919013934809,-1.2155473381135,-0.619007704165853,NA,NA,-0.635052592323146,-0.843532303620701,NA
11800,-0.997581446299068,NA,-0.837980011532882,-0.806532666529798,-1.05061120868826,NA,-1.03775296817677,-0.894926989878593,-0.888619311918361,NA,NA,-0.971614172826318,-0.981928222856031,NA,-0.847891982511932,-0.921487591478162,-0.868127550353294,NA,-0.633399219746813,-1.00123851034076,-0.770457435367173,NA,NA,-0.820910722297601,-0.786804318777347,NA,-1.13541612006363,-0.871747502132325,-1.00600204881982,NA,-0.869559816531853,-0.921805010344734,-0.848699181612616,NA,NA,-0.972220820640546,-1.07246064609545,NA,-0.8621405439243,-0.878484606852947,-1.04308097067575,NA,-0.691468632284329,-1.20091423351307,-0.713547955272424,NA,NA,-0.62303768623744,-0.898457019595676,NA
11900,-1.06339084515017,NA,-0.884270303500348,-0.727996642803311,-1.11700906737172,NA,-1.01646097052715,-0.876337211989298,-1.03576463048717,NA,NA,-1.08268639040043,-1.0699013704478,NA,-1.0276323701393,-0.674051887307241,-1.00733013382868,NA,-0.999838805820382,-1.00254985056445,-0.901505867232628,NA,NA,-0.740342161693078,-0.909016874025632,NA,-1.1893200386471,-0.934252677632848,-0.969756453824891,NA,-0.807203020355846,-0.629265312318166,-0.860577832856966,NA,NA,-0.967803754542027,-0.924508445333203,NA,-1.22235415250517,-0.936187982228353,-1.11562370135412,NA,-0.789887455178504,-1.18873237927238,-1.02768547081536,NA,NA,-0.678154129162781,-1.14085872812798,NA
12000,-1.33032321799023,NA,-1.0200329824315,-0.981343912274898,-1.05981044278797,NA,-1.04468956262334,-1.05979200567816,-1.23934801806873,NA,NA,-1.01865244807288,-1.06295562547236,NA,-1.19311366317293,-0.773903477175602,-1.02800461428338,NA,-0.888253162236655,-1.10691167917895,-1.15664088443791,NA,NA,-0.808831841025161,-1.05568789946572,NA,-1.16324413805121,-1.18602822484392,-1.0894405782394,NA,-0.965063193573613,-1.01884884596995,-1.01982237082298,NA,NA,-1.17510537450783,-0.993429269908797,NA,-1.35179266531828,-1.03684488622143,-1.15644552174731,NA,-1.027205639894,-1.21786145441716,-1.08839355742021,NA,NA,-1.09953635476596,-1.12882443958093,NA
