binAges,band1_med,band1_lo,band1_hi,band2_med,band2_lo,band2_hi,band3_med,band3_lo,band3_hi,band4_med,band4_lo,band4_hi,band5_med,band5_lo,band5_hi,band6_med,band6_lo,band6_hi
0.0,0.45121925090380316,-0.4160487664729371,2.4774797168503455,-0.09972248166475915,-1.0962204521488395,0.9747430117053892,-0.0108388466238915,-0.7214045699317231,0.724348533344095,0.0805856426084818,-0.6535504317444962,1.2854067782814929,0.15090078493915193,-0.23750893453041488,1.102068155890216,0.0024532959913071,-0.6558104354534818,0.8110843218996183
100.0,1.0001765041178778e-16,-1.0016167077104934,0.9187096702699613,0.0,-0.8472466316482922,1.1759693945157348,0.0,-0.555886275863062,0.5430824375304959,0.0,-0.6878176029752854,0.8635812053718567,0.0,-0.4070222161706156,0.469040734552321,4.9981720151581754e-17,-0.644776633382217,0.5090696579753189
200.0,-0.09579164816334751,-1.6408876511815336,0.8853546499416723,0.0790325333198206,-0.7342697607629601,1.1613008475657085,0.0449888048144884,-0.2581113345378665,0.5184004073722566,0.0868831652117947,-0.4140527006931055,0.9773198575826584,0.0841735541321398,-0.29137374382900494,0.518955311557618,0.08275248312076439,-0.5571208002428153,0.6315391047243746
300.0,-0.0334190550551616,-1.166899754492938,1.0555635084049868,0.1165967657216593,-0.6116270658896376,1.1818665564696869,0.04379925911545775,-0.42408691969316314,0.42485042369654286,0.0517431529758517,-0.5243273900536362,0.7519301076037125,0.0997034746705383,-0.22589041282764055,0.6137522048148866,0.08053218238262926,-0.5414110515644337,0.6526070758572401
400.0,0.1781781618362013,-1.2768699757280884,1.243491150123807,0.20906530267770523,-0.43442120016742136,1.3776796808369887,0.01250155212565825,-0.42458390962105674,0.40267603685438685,-0.0649130055492549,-0.8721086634709463,0.577182289315872,0.14782433204017856,-0.09708709291012213,0.7398951029238904,0.080734184589002,-0.5501484648705995,0.5174822711713383
500.0,0.33163860625436437,-0.6321386149429349,1.7209670677746818,0.21396714812000334,-0.5046777890809725,1.2786178952553113,0.04249501097068085,-0.3076656852211978,0.45479089159050085,-0.135175647547453,-0.752579315454052,0.35002983413388916,0.1270769390719989,-0.2323255211198316,0.5358371058642322,0.110737559738294,-0.44021031680335554,0.6209664704915792
600.0,0.46915345612934733,-0.3347045634748184,1.9312390967031487,0.23490243916676024,-0.4525520278865137,1.0668693027107272,0.04706338831857315,-0.35329770570536184,0.4479006480980216,-0.10866954168773091,-0.6976231736991007,0.3512629224688142,0.16362160665244374,-0.09643074043547424,0.7338360117264228,0.11331462435675325,-0.4407286208783265,0.5952492907146256
700.0,0.5091710303003962,-0.3926947358210389,1.9218810904410564,0.23182366379793362,-0.5538145185379659,1.1448396357518398,0.08230403174048756,-0.29522199290671375,0.4483814911280682,-0.12780454967993393,-0.7652921311716299,0.23297449172989948,0.150854844458289,-0.1822123398936454,0.5917112230148027,0.141691864993644,-0.28155921411180557,0.7777816109968149
800.0,0.580166983597288,-0.43136740736063367,1.6844855734143138,0.25452048773597,-0.3753479492482252,1.2716911880024215,0.0909887381110337,-0.279210068230414,0.4725235924559407,-0.10905265088995875,-0.8872319897253322,0.3485584412357018,0.1711332471486935,-0.23927476570874612,0.5710593639942141,0.17526671976873753,-0.2475955425299905,0.913520398868747
900.0,0.6477649494370479,-0.33090209431385037,1.9711533451857832,0.28328417224131053,-0.41018369372859825,1.1075361047908716,0.08370762877893535,-0.2889636771995355,0.4607853682508676,-0.11594673291415,-0.8677703787246921,0.21755767548291574,0.2036062111663735,-0.1923298754926247,0.775535099339263,0.204156737799497,-0.17286741235857037,1.0669364688976797
1000.0,0.7557584578268735,-0.14574841350277093,2.191263815809844,0.2606214056303795,-0.5022611149412493,0.9583396790321734,0.06442366661833465,-0.30196189146900376,0.4633631555861362,-0.0781043304867981,-0.7755433752825961,0.3571781893871171,0.25602537287725446,-0.030858922318768238,0.8948798397785307,0.23271714353146686,-0.206259435774808,1.1555737344748747
1100.0,0.910375120954386,-0.12012087237340391,2.3419256567165014,0.2324120587940682,-0.3244102681312753,0.893712749996633,0.13283993032694164,-0.2346369874971172,0.501788927160041,-0.041861475413994154,-0.7545703709538435,0.6217925505064024,0.297250392792146,0.03949451913029944,1.0143105441048321,0.22320189783387134,-0.23415216839905634,1.1428840836577994
1200.0,0.9920262995242239,0.002779901199370211,2.626526706743061,0.2732266839918495,-0.39021964712063295,1.2623324062627788,0.1345322034497865,-0.14386584706243705,0.5397881253738296,-0.0687793466185029,-0.8611559156063499,0.5081595672137018,0.3174719396257535,0.012471404971874914,1.1142458621905489,0.26055205085540745,-0.12971643046171166,1.1905571600413563
1300.0,1.0273866374295704,-0.007241428559777072,2.6402964508762365,0.31042344940046906,-0.2998829128155966,1.41055239382887,0.1450756171486374,-0.15590973204281092,0.5933329486192722,-0.0530703317592711,-0.7063650667819991,0.3918653411819118,0.2746926013975356,-0.05500284564714946,0.9941082368355314,0.27974317870082377,-0.18411178084766888,1.3116713907704673
1400.0,1.0780473541378421,0.016429959355854458,2.829885231478947,0.31403873669901,-0.3163110449562016,1.2245414524092775,0.133768296599759,-0.16049961599936619,0.521138797279179,-0.08666572173732084,-0.7770026082665941,0.24139040064452846,0.21067926597834163,-0.12801845579275234,0.9306924220366671,0.26043862613718943,-0.18362542103211524,1.1961670892918483
1500.0,0.9373651363833879,-0.15784433502452733,2.3288530110109953,0.2602175529371004,-0.3125629492418293,1.0443890534043199,0.15228207274216848,-0.18354644006087262,0.5472196228044559,-0.05116933527261245,-0.7336150167255177,0.3152349865790138,0.20535270664356,-0.1259734748965595,0.8677825490462271,0.304682463793127,-0.18440011025820507,1.2325449246002458
1600.0,0.9779644831616826,-0.1582472114879841,2.382706425867093,0.3124608208855635,-0.3018831122041217,1.2532971430729054,0.11265122977645495,-0.21702386687496109,0.3953718365866974,-0.026721247648834198,-0.7179762916215267,0.35467712667008483,0.21781602800152,-0.07115719355213669,0.8734004447225129,0.3418194885556475,-0.004678324247653397,1.2846002771801794
1700.0,0.9761673345473045,-0.09860333658361614,2.5107918139736976,0.37224756369547607,-0.1362745085139965,1.4195258990001167,0.11724504862813576,-0.22205886813263762,0.4062109265632772,0.0299857542585108,-0.5975514324194844,0.4034547476483052,0.216532927084219,-0.08397877440226525,0.7347988380462289,0.3521371885002985,-0.09064058733456754,1.353196561081501
1800.0,0.9089686203081391,-0.11470147109614715,2.1644756281027804,0.4094611195287531,-0.2228596813889768,1.524713230013125,0.1194195173110375,-0.2472987642807638,0.40616989539255816,0.058920578862561454,-0.5394559964463265,0.44748523469766305,0.2428790898455836,-0.06905463732205074,0.8858705212944389,0.40416277080898,0.06202340270565796,1.5717349916838264
1900.0,0.8788346810641253,-0.18940378575115863,2.116056138297992,0.37712620109370787,-0.29049795589490923,1.5229500306814485,0.1121722778385261,-0.27815209638584365,0.43033060221115726,0.0603104267802251,-0.5905351812501556,0.49283265993948694,0.2368020559951575,-0.043791528931603214,0.9469880253540393,0.423863855684559,0.1226566639988601,1.7338656839573257
2000.0,0.8002732468122474,-0.45330324773856745,1.8737628030682565,0.3534929286087918,-0.2423690912064083,1.2322830646123175,0.0951166505293924,-0.31291530921399524,0.33302881744859764,0.12010505911126075,-0.4824516726215119,0.5935078037915859,0.260833139212562,-0.04310155766015392,0.9272932871995778,0.44138544041346306,0.06864892125047106,1.54982592049344
2100.0,0.8172533244445492,-0.24682688690569266,2.0685260513858497,0.3782304524542317,-0.17995323478350864,1.2353949313182009,0.12558091611777494,-0.22049561663952233,0.395512396232244,0.12821880083957,-0.4669117422687258,0.5667876154878035,0.29723365799783263,0.07317594409052672,1.0571177703643497,0.4462745977145922,0.09694773132421691,1.580457492335588
2200.0,0.839392460155364,-0.1877521584689812,1.9627704514466107,0.4290327823190715,-0.11572931213651844,1.427929819309994,0.1182704902932562,-0.17973566253153275,0.4214504702255763,0.1781777351515476,-0.38833209069689967,0.5683766311837012,0.336964439042466,0.08499694560148852,0.9942460823744463,0.4756878340118924,0.1004095511205397,1.6409346170026777
2300.0,0.7866890208145553,-0.6265696573081331,1.8824213551802378,0.48571417520537136,-0.1747712929338056,1.4089004649833723,0.1476252432297035,-0.19833115206808535,0.46471600610298325,0.17355647754263598,-0.45991849416358477,0.6238636173356904,0.32954637821447397,0.11603191373980595,1.135513591560251,0.4697619748048725,0.09140242404775428,1.6786303321667537
2400.0,0.7860874806866343,-0.3571037721437122,1.810231323682506,0.42841456023356445,-0.22663356080124514,1.0905548550308184,0.13678169992542943,-0.14601084140938028,0.4988463830677173,0.21137797424388927,-0.2737357863837533,0.7399441335168055,0.369552216047968,0.1197124857558397,1.3183455802808126,0.47589877684839255,0.1330802908807565,1.648256733317797
2500.0,0.7926899132001941,-0.3823122794877495,1.727276848964956,0.472113416308414,-0.18602565837654994,1.2676929162432384,0.1363249772038715,-0.18884354560879,0.48911334921532584,0.24577812743156185,-0.19383382973413693,0.9117837996964717,0.3595735139890675,0.14153295589011639,1.151043583252674,0.4932884589958486,0.19643895053253868,1.64208875503949
2600.0,0.7146123596719555,-0.32928811042648076,1.8810231705401466,0.44279589129132246,-0.25568614651268007,1.1281935573141624,0.1281213624804403,-0.1515421336752138,0.5411842256279619,0.2229871896994225,-0.2887017532342365,0.9991127057317428,0.360834426949285,0.13396427395257643,1.2661952982813758,0.5078798149425885,0.1658793188898017,1.614146496885236
2700.0,0.7474247950254285,-0.20462824188228637,1.9156520058270017,0.5005326155053469,-0.21765096756009578,1.1522955336680383,0.127153180696782,-0.18566644058218718,0.5084216860489743,0.258551450571667,-0.24933705971645775,1.0080640472612739,0.37571968988490645,0.12237587511080396,1.1754926875189438,0.539033061545912,0.16490078640089245,1.8106246136370527
2800.0,0.8618177541738627,-0.1657954044148111,2.4220848387365557,0.45484972082195696,-0.26561108501200686,1.2256540633548663,0.124754140074439,-0.24348345478572977,0.44209631059059545,0.26828416499262353,-0.2162259293181659,0.9184932642030643,0.3742913729623225,0.14655200618755612,1.1469024009497635,0.5687825645466925,0.2136758732744989,1.772071904437272
2900.0,0.9834279683949355,-0.06876357968077741,2.8463176415177758,0.40907190260975845,-0.27060106262771877,1.252380370840655,0.12425065410512465,-0.20409539406308902,0.4705895547426243,0.28253214505087,-0.2122517106796684,0.969704404784114,0.419658572722181,0.1879448785118211,1.3605876810030217,0.571859541607703,0.26169821766804013,1.7552409840151717
3000.0,0.9661424048574667,-0.09802244878829151,2.6871146049745267,0.46511251009830434,-0.40680839974756616,1.2751930833437795,0.11453281224903544,-0.1826369739981231,0.4647920945966198,0.30550610610089446,-0.11460827707902374,0.9374691664848763,0.4400559819778155,0.20328086409778298,1.4590688746135299,0.5852060288279439,0.2933557445328298,2.002137211920751
3100.0,0.9990375938100478,-0.07284918494803737,2.408537688240684,0.47499313092065576,-0.29620838497430124,1.2652557023232969,0.10128916782154655,-0.20146145727830414,0.4496871142312466,0.29690375540657854,-0.21614895316516336,0.9220901288954149,0.47799848932577405,0.21060322981664936,1.546784093856217,0.5668867681029945,0.27635423160558664,1.9147629502343868
3200.0,0.8855510401347794,-0.02322855665975608,2.3101507194961135,0.564747292393022,-0.20350512926552922,1.4651623657338368,0.10218113263557041,-0.22880331665133963,0.49387530907296684,0.28024810906180897,-0.22549380910903977,0.9702502713599122,0.4609035767078315,0.21954284223919415,1.6338325954353246,0.5822375169741876,0.2704595398553845,1.9809589189034866
3300.0,0.8552822426101117,-0.3262592083970971,2.302852299648586,0.588138295033421,-0.12717523904017722,1.3120813061814218,0.115220730784967,-0.16311030764637613,0.45060957223975834,0.2839764466218825,-0.1597259478201287,0.8747612297045116,0.4645951676173985,0.22107562541698556,1.5083843560620687,0.5561210802431336,0.2736781605093766,2.2557909571599524
3400.0,0.8224790290800857,-0.1333827370530637,2.2926780157981943,0.589472113538676,-0.016708343580853352,1.3385289913997869,0.11052549458646455,-0.14595851150433853,0.5001738509016719,0.310606584167225,-0.1533488934996888,0.9073496755013314,0.4644430049699495,0.2362023680223421,1.6055280479152023,0.4977680210326527,0.1842395365438956,1.9181633909498503
3500.0,0.8452413388020967,0.008874998167946702,2.663696856460622,0.6270636108013126,-0.0723843453119142,1.345645255502942,0.13652513422169443,-0.128140314822909,0.5064188035750046,0.36380110343482835,-0.09632889654225374,1.041053483250845,0.49633425350391946,0.24308233265414117,1.6352467606085017,0.5076593038873095,0.2254749507102243,2.042774584893083
3600.0,0.8740425753713448,0.0428862198868982,2.874167651056308,0.6479971807546018,-0.0848642804267786,1.471830502673048,0.13469715794231601,-0.10608642311653299,0.510131626149239,0.36882386198974093,-0.07531248034229594,1.1256047619576506,0.5365171895662786,0.2509130798463072,1.6594645855933352,0.5499870234363411,0.2756745213167055,2.0953013726661873
3700.0,0.8102337761568659,0.039490062068334046,3.1884132450779292,0.6715590445001195,-0.11554004846681072,1.5227559094678997,0.13724404728949352,-0.14184962638436213,0.5176012389076173,0.3666338622585287,-0.06647436171328774,1.0390370960402806,0.57937105631233,0.26298448578648187,1.733731180043791,0.5940708571419264,0.3201851159536347,2.197402720017651
3800.0,0.7162637489491349,-0.03998310944962385,2.2924628622267273,0.6586304798811778,-0.05351556709393291,1.5155517128530578,0.14164273769643548,-0.10110525334894191,0.5195620867226447,0.3502700430634875,-0.13154926954501636,1.193173761318601,0.5968107649595835,0.2978940450448361,1.8217303377971996,0.598420039970713,0.30231075445539524,2.407833289556284
3900.0,0.6388754010398257,-0.09955035739451021,2.283703732257679,0.6586427827182051,-0.11817619184768928,1.572701496783122,0.1345362011758905,-0.11523509573985727,0.47144770584800827,0.3476127479705965,-0.1487858932200946,1.1339103266218833,0.5916496950862435,0.31650467215733286,1.7990414057162607,0.602582555789491,0.31423008468255975,2.4449021243785625
4000.0,0.6581746985958545,-0.09340032693472154,2.1807638954876616,0.638521153936727,-0.036910676648462704,1.5544691551415428,0.130722585029645,-0.17982982197783526,0.556476644104939,0.34462582453943036,-0.13822227198954284,1.3165623277949037,0.6011622153068334,0.32143878768409684,1.8774640761287391,0.6120297342016179,0.33865451095179405,2.3375583063133294
4100.0,0.5938213159693475,-0.12760739687245473,2.2982594067240716,0.648960860459097,-0.003654164003944637,1.6972822424130511,0.1281822333197435,-0.20359149572399368,0.5000082407235689,0.31398507263480946,-0.11300245733034049,1.0136031802384948,0.5967851543950375,0.31869851629252066,1.9705041091980549,0.6960077668392746,0.3830591371283595,2.5222274538431932
4200.0,0.5842841659342219,-0.0983156702347408,2.848195565383224,0.666386302614494,0.0514102637342875,1.971420513905162,0.124207620410722,-0.14078873865310348,0.45509463088477253,0.3176974516696315,-0.1086306477013112,1.1633500090298075,0.5746542472021305,0.32986084548461875,2.0381396795407802,0.709145737183987,0.4080656947033281,2.5448949385385595
4300.0,0.5573099134009921,-0.13280283404408716,2.1790418057768126,0.6893116333284421,0.020033992275244945,1.961205662164153,0.121834084509719,-0.16364744086128635,0.4708224572866632,0.286444738785139,-0.11807567791436645,1.0535576786997114,0.599991314163089,0.33334523779015407,2.1109972506339507,0.759460415425278,0.45694019793237023,2.778431380266103
4400.0,0.5218811076554631,-0.11958898158178184,2.561607952775542,0.6994737408699578,0.052735147453418285,2.0185816923872824,0.12596502791128728,-0.17081758920861737,0.4963018178472974,0.262658960490766,-0.2064551470190653,1.0207731794536863,0.614627845950666,0.3453771585688492,2.120056030174917,0.7672084260869615,0.45326549349804507,2.5894483549665095
4500.0,0.483526778275737,-0.23624881178739163,2.3312251626534013,0.7129326815584696,0.0668340869515764,1.8926629515293218,0.13259157500177884,-0.17699882452069798,0.48553816586675647,0.32620957759252767,-0.17797549751529668,1.096430090899383,0.6442197478519285,0.3694826883460479,2.177400769387901,0.8078552842961115,0.45863676970812217,2.904123466058021
4600.0,0.5575612372937643,-0.06785661533179202,2.496043125711779,0.7142286567497418,0.07613883177991393,2.1978327813858862,0.13101576790563646,-0.18078133938687524,0.45008148451376734,0.311903930522417,-0.15298474775287785,1.1400943243443236,0.6598140649749145,0.3857358147740996,2.372635967578578,0.8606441863340195,0.49940120428820933,3.0111940266547714
4700.0,0.544302127428614,-0.15147238798914117,2.209332615486162,0.7349108041241861,0.033783357639649396,1.8828548533105407,0.134683098883433,-0.2294144303838266,0.4480600813501394,0.29122408054566895,-0.1365879472367658,1.3557420746358735,0.7194099846580719,0.40108280968843907,2.4569568625714218,0.81897794408518,0.5025282152206795,3.082651413467582
4800.0,0.5487859190023123,-0.12533346032712167,2.1940650983194243,0.743386866310539,0.013695870472237472,1.7270338348864764,0.12341600415401466,-0.23430586624676025,0.5335593511259847,0.3044816852023335,-0.0968484742130767,1.2783598861819734,0.7118789730917525,0.42086688544716994,2.45955383117508,0.8635152855857895,0.4732358851863344,3.1937460808912492
4900.0,0.5486024806836564,-0.0695628314751714,2.478161044420898,0.7778826644707105,0.05778187086313288,1.8378436394212927,0.13683553726274164,-0.2591176379852915,0.5114696507858181,0.318895436218125,-0.15732010217976872,1.2913819243847715,0.7320519634671574,0.43129228067197223,2.470159491016342,0.838937958545076,0.5144262725780645,3.217425408862232
5000.0,0.46180703315313776,-0.15394158168382657,2.8022721399418544,0.7771504297463184,0.06757078763249678,1.9185973965385548,0.1516072082911301,-0.19358826751888705,0.5043601918804739,0.3559361480527735,-0.1172284809418012,1.3650395964307351,0.742560795951615,0.4470897782151233,2.3474598644779645,0.84571464595031,0.501957126808675,3.129811147212931
5100.0,0.4519946909648269,-0.12924939226841564,2.546650015002533,0.7725327841109562,0.020140418677608848,1.7869606652523145,0.15721057396410548,-0.15214355842158628,0.5497963452822925,0.34854670688558453,-0.11123329958678298,1.238039584438846,0.734755667022932,0.45733758568594035,2.393911007047036,0.862112787458855,0.4888829938461043,3.1440157694915074
5200.0,0.6528943696080205,0.0076252995136613586,2.4924642877005057,0.7930349341554355,0.06530825596961277,1.872007010291549,0.171027221230439,-0.10930401380733604,0.5304721266053655,0.3601525625024715,-0.18420219585087205,1.346273371335559,0.7856934213626925,0.47507193425774386,2.5117682067152947,0.869835122862062,0.49673712358478456,3.2172907163998583
5300.0,0.5808157820424875,-0.1028362634860477,2.739830414465139,0.75984362826432,0.023858175613556302,1.7774991126562474,0.17003377089709584,-0.06759405321093091,0.5801091383571895,0.3543092053859265,-0.16183638303906334,1.187329747746349,0.8340347789524875,0.47825760473715034,2.499978799181386,0.8614016173988734,0.4844476631862605,3.272344993196879
5400.0,0.5605340737279154,-0.12683179473514444,2.457980323562434,0.7746716370747946,0.03217002170209102,2.0525748174806235,0.19031880249941752,-0.10192996578885244,0.5737492534517472,0.321934112749656,-0.2245993300289283,1.0694011370172272,0.8503947037192535,0.49856434662185617,2.586024871696611,0.8498870374997105,0.46377121678507266,3.2272409131918907
5500.0,0.5763962802523839,-0.06197581017237934,2.6872080868146972,0.7641409784058257,0.0603309504958283,1.8793599849672904,0.2004227737552449,-0.05106965569795848,0.5826095916257487,0.31991261152262795,-0.11742914249949685,1.2992485984307114,0.835550238072168,0.49683332496609056,2.525995854036206,0.8433898824524505,0.4491927782892344,3.2601021276136635
5600.0,0.6092620573379438,-0.16435485565091884,2.7778103267324363,0.804837028734992,0.04106022591311438,1.9053000174389638,0.20192122092067694,-0.08964149388629021,0.5566669950046246,0.347154250984182,-0.11112979772086828,1.2330004935085408,0.833469825758841,0.48945247932528074,2.8371062552020803,0.8274778754754004,0.4768536779964453,3.6560164227142566
5700.0,0.6703159714544598,-0.16373673249380713,3.086186440488512,0.8182355820677574,0.07761984434247457,1.791900344571217,0.209819447238444,-0.08002398272304914,0.6478250580323666,0.340903722969018,-0.11168650279303755,1.3817079023660928,0.85548959858728,0.49161766922413297,2.9423560144208376,0.875366440083587,0.4812493588412779,3.7162530234312965
5800.0,0.6093090162798578,-0.15143690867366394,2.89825403834195,0.8081433077500326,0.04897370592643937,1.7012230330299314,0.21665283577910194,-0.08349715908803752,0.6002317653751134,0.31666617132104347,-0.05607445766092694,1.362937013573772,0.837360239560617,0.4916553866468344,2.847101657326104,0.911288701200951,0.5071541724096646,3.6646796180734102
5900.0,0.6103286926060207,-0.27337813028398067,2.5109993149508236,0.7981563056591849,0.09642764660753021,1.8215868435039073,0.23098074019127862,-0.061695042053810774,0.603719638246058,0.3831683368451715,-0.08121868127018897,1.3814916190024742,0.8525250262704035,0.5177348898758471,3.0853516262555734,0.9128121228150929,0.5156644405845678,3.752662838662798
6000.0,0.5974187562126531,-0.1533769752519698,2.3874125333117244,0.8397754389878223,0.13203430312450645,2.0422316519567727,0.2326917748357502,-0.09121929901040918,0.634479867049841,0.4116699400559528,-0.07916198903092539,1.4505510673935138,0.8620974825828676,0.5241735179130109,2.931854826830168,0.9285869147241426,0.5233778156750685,3.952524792274106
6100.0,0.7159727247031649,-0.13233202521945475,2.8745480468910443,0.8314436176241065,0.07554634301757085,2.1908689825629057,0.2380714299920819,-0.16425321724305794,0.6364316949819327,0.39180381314492396,-0.13447048895329955,1.462485713240795,0.9313383659370336,0.5269077677465518,3.124717197579744,0.9426639023675705,0.5283238611831186,3.930075349815423
6200.0,0.7482752757387798,-0.0673849183962163,3.1472263668495355,0.860952130893449,0.11598579449675266,2.092564057321207,0.22527441011515648,-0.15383979265263129,0.6208262601289738,0.40006451103778695,-0.09323851573993229,1.3967672720797695,0.940887270882738,0.5595142163551381,3.2630300850538974,0.9658529519670215,0.5491522698226412,3.7016316774900386
6300.0,0.7774544612794521,-0.16166220248294705,2.7585821732190823,0.8711963412391023,0.11170957376856966,2.1585790039619526,0.23180943967926995,-0.03838492390022704,0.6367666822679435,0.402430494843769,-0.0969984169121729,1.5938028644852493,0.9677475187471845,0.5680458009428956,3.406443343948972,0.9617678129476025,0.5494084916577432,3.556331651160757
6400.0,0.8384527422698091,-0.05771295565923773,3.095982410318574,0.880434798201658,0.10917116976515785,2.1480909254587983,0.2435121673514627,-0.05612326730188302,0.6406945344941084,0.4150330722637935,-0.08156796393090546,1.2338571138500232,0.997995789373969,0.56479682819309,3.372348844195854,0.9820347548393915,0.5648772414612445,3.7328132753217877
6500.0,0.7454335039777716,-0.014346356982645704,3.1460935622088058,0.8812497383704665,0.11751064256167856,1.973096391383598,0.2384258938606142,-0.0772759213700788,0.6829910766326458,0.368103150543372,-0.20900635236001117,1.2027615922006956,1.0006534811994685,0.5588523102658383,3.379686002297126,0.9323503708946594,0.543539091816029,3.5440767785343272
6600.0,0.7699304908526887,-0.10263861560971889,2.891412981898309,0.901014448275122,0.14202467990764625,1.9275461615377827,0.2348689659232342,-0.06561247530015533,0.7492368298558412,0.3905440516055525,-0.13774415495335107,1.5146992170595892,1.003987093494895,0.554391550715633,3.2436527040566405,0.9169098526843049,0.5338135409575259,3.577362242680481
6700.0,0.8066700461343645,-0.06098783163606385,3.229997524437824,0.9393280689927577,0.1358828042314133,1.900614302725045,0.2323490953014346,-0.11325395026476759,0.7066616242200046,0.3969782559521505,-0.10819043262858534,1.2655015849308497,0.9472654668872925,0.5426362268163701,3.3225350119746304,0.8971161189261736,0.5299510474256006,3.469315615453899
6800.0,0.678647903192469,-0.05776877317591316,2.6789202010117816,0.9077648216882891,0.07997997073089916,1.9498171512090738,0.23358937691364,-0.09844481599637084,0.7030541105062802,0.363142353506669,-0.08576800383401828,1.1902753788372764,0.9339027388949985,0.5555879700623936,3.131098361487826,0.8822689029462575,0.5269635849093892,3.4868063026477
6900.0,0.7252903720042825,-0.06329838288723272,2.620520298111094,0.9014340134083567,0.08871695883124993,1.9533815529199454,0.22809563573394215,-0.10773056757918399,0.6672852629050968,0.3401037749208835,-0.08026158024121877,1.1703551461902153,0.9311097762811305,0.5447372892004536,3.184955211743468,0.8356614514594765,0.523916295016072,3.4673045912530296
7000.0,0.6166976790333134,-0.057025769996076975,2.595321497449675,0.9031965812547198,0.11467836239773735,2.1304459698344766,0.2103551186534425,-0.09680755613079284,0.6345343778497867,0.33190093100241047,-0.10046597048379183,1.1411074339725922,0.9026881841112055,0.5307682281677828,3.2038186591770526,0.8465925805629244,0.5135633487060193,3.569326596457736
7100.0,0.5790752206638063,-0.13252912667227995,2.1745085236429627,0.8984653603314978,0.1211244561874738,1.9752644223451175,0.22121524704412698,-0.08501785292303954,0.6088815937739075,0.3403317830532595,-0.10627206117665802,1.443601224140054,0.9104064355065945,0.5330580070195291,2.950236460870984,0.8430843199888175,0.5034885870943044,3.7597497711637655
7200.0,0.5055400046856562,-0.2036291856674087,2.1539501359337025,0.8802988311423781,0.031016759346581557,2.3086976530591192,0.24219605439631026,-0.0681751101326216,0.5968841127412665,0.32818246990322,-0.0781399968351166,1.8628994618498378,0.8441296058136281,0.5012580635000312,3.0528116254303312,0.8833008246908896,0.503371545807597,3.628696918594487
7300.0,0.4787877671974853,-0.29887213934264306,1.8982608444407163,0.8480741861525335,0.056105687067164935,2.0361365378646625,0.2204934532987471,-0.09324528168789153,0.5976785538380613,0.34564325575841903,-0.07011268330742354,1.685986945191577,0.8429661292336159,0.4847514510034378,2.920283565736294,0.864476486376195,0.5211997840359105,3.6644630891696695
7400.0,0.45696862810444855,-0.36060698251246653,1.8702173468917085,0.8526762333923218,0.037856520961384095,1.9106690176803083,0.22261925591195997,-0.10862789822239599,0.5752092245765383,0.3393045988756,-0.21540136555397912,1.4481656597722259,0.782618174872352,0.4344888242712489,3.138487886023349,0.8711740096533855,0.5270554539589332,3.9292435105553984
7500.0,0.36982086071869247,-0.5858814659097877,2.0270719604539424,0.875911785818823,0.031898870979632704,1.7962321226697016,0.20354852596064732,-0.14421670965725064,0.5351148315850408,0.26373899459837646,-0.24999218477494456,1.1896355254478743,0.7968975312584521,0.4169995844906287,3.140103660477349,0.9032521352810601,0.48512179867016936,3.862200670085806
7600.0,0.3758195162917005,-0.6715942814168178,1.847191401036604,0.8414252903885711,-0.07565565611836984,1.7487868727037759,0.17677107021549598,-0.19534419347716314,0.5659348871932844,0.272096683846221,-0.2520024851330785,1.3583357056142904,0.8076320073434915,0.41331361447338566,2.915656965713339,0.9126424185671915,0.49198475954775267,4.146286848246535
7700.0,0.34407858394947305,-0.5066281943040176,2.2201380827199557,0.8269915779541146,-0.05685893585007426,1.7862647612844162,0.1617529737747443,-0.16771281956258816,0.5189238106692412,0.2841865209986838,-0.3050893487995041,0.953294274558083,0.7746320477328454,0.3934364999053736,3.0546761501667055,0.89088453721843,0.4933212647185351,4.079684121378216
7800.0,0.337195501121671,-1.1619971863253133,1.8048001212883211,0.8344497415673515,-0.07211011780708992,1.8148199894064811,0.1658165535906835,-0.2043507780503067,0.49264760143348796,0.27509763031146284,-0.1751998330518433,0.9573119922217377,0.77186446767434,0.3585630958990359,2.925532882973784,0.9058308124252825,0.4933110712854718,3.7264088952503664
7900.0,0.3053761940535412,-1.4982792644515566,1.6738075290141732,0.795703719628975,-0.09347115407165765,1.7144498955055332,0.1520109686315885,-0.17677624892723215,0.4552889914514941,0.25799118177658253,-0.2569620110645864,1.0849764161352546,0.693348712539682,0.3460637472965413,2.709229275827709,0.897222948887862,0.4766612943322802,3.8118938340442345
8000.0,0.2833166240202145,-1.206892051587631,1.5585604380873754,0.8242229374106465,-0.006277021599719449,1.7342599060692259,0.1492258148195545,-0.2196267258562989,0.453030375261389,0.25362734848311996,-0.19209939086042518,1.0603380856441023,0.675172313002165,0.31732835985320185,2.5443747829442556,0.8282671528533555,0.4581759472972748,3.688892814487066
8100.0,0.374878185445733,-1.2093784325204813,1.7685941296881242,0.801176644220554,0.016617908802974625,1.6908362636842988,0.13370399184853848,-0.18462138135029282,0.4284536487044689,0.2527744503109321,-0.25282655725589337,0.844910769548952,0.656606326929861,0.28662089876642155,2.4753062880841754,0.7743461756725254,0.4430600766747175,3.2486242220056254
8200.0,0.4282745234536315,-0.9174695863913725,1.8200631776918519,0.8889996182963262,0.021747061997539667,1.914206751045276,0.119280763873655,-0.27237987594196156,0.43848652750621403,0.17185743887038102,-0.4294233244116229,0.7087237397685486,0.6382782199440645,0.26102908142985387,2.4214936535427958,0.7878321103663299,0.3982673286773531,3.2459105199919307
8300.0,0.4866839601577897,-0.8882783605137129,1.8932659140422639,0.8945618762168717,0.053081328821618076,2.0253329201295154,0.08561661387242844,-0.31173385887587857,0.4578768306269217,0.126669894363306,-0.4515504586809664,0.5672880811260806,0.618325207923482,0.21401295059725406,2.3104586875400446,0.7921531821199534,0.41183775107134096,3.227939856648448
8400.0,0.5131008078278345,-0.6764570168423869,1.9911132750787963,0.8964611934462702,-0.014363450313108275,2.3159382655326675,0.07390534012282204,-0.3042398558338687,0.3916571762868563,0.139903601563036,-0.44134652743394237,0.5095645848571981,0.5308837620693261,0.15879935287502192,2.118851223444876,0.7620605575660304,0.39548773006526367,2.9853026653509205
8500.0,0.4847843515454834,-0.5319356050090285,1.9084154908208417,0.8845975756067026,0.04108094442861994,2.123544858114895,0.06937534454953315,-0.28439595933948963,0.4062981356535059,0.09432331357603646,-0.5468248394705515,0.5940951241423091,0.48473903656189654,0.11776011245813742,2.1925960838073415,0.75194470277855,0.40639838151162816,2.9750169621805247
8600.0,0.5923984845408178,-0.5323782476824194,2.102442265956315,0.9147174318005244,0.05518337824098574,1.9756250404027593,0.08181067037478225,-0.31247952391870576,0.357073394256272,0.07694632695446971,-0.5966837050383157,0.5548624205971086,0.441128594751804,0.08417679765106101,1.9025094355412708,0.7901009921224095,0.42428933195296287,3.0959773875200525
8700.0,0.5564309717522915,-0.3929525384283427,2.4118173037198445,0.912752859959783,0.03920517225810264,1.8933098572695488,0.0873646285450326,-0.30937366520866433,0.4653268725205583,0.0628197495234579,-0.7654879951365544,0.4199100600004029,0.40263843597902305,0.054424226514911925,1.789512541233487,0.779278931497958,0.3780109987905973,3.47883218120083
8800.0,0.6933018709765839,-0.26648247799912755,2.5858668846362214,0.9056423094241338,0.04996587868918513,2.0482675590999677,0.0791226365747278,-0.32962282667094406,0.4481518675206302,0.023218204388112403,-0.6381764624291515,0.39735308308917056,0.3602963397581605,0.009994152338023601,1.6650319126953534,0.802730069171181,0.4196031644081727,3.4841017887311247
8900.0,0.7421145180051006,-0.06890352034579514,2.710850161009921,0.8548991688548141,0.07456270492006127,1.9768486923428414,0.07148051868364219,-0.3321911976292508,0.3888038112331639,0.0147571278614443,-0.5826552268648696,0.4068280850005066,0.28416855226948545,-0.03568283468137469,1.6087221419112205,0.7809774060743265,0.35962598620504094,3.4675713258468774
9000.0,0.761202651330068,-0.15198956783183948,2.610028277318553,0.8770965007534766,0.11213980653629436,1.8516177544358674,0.0870935148058391,-0.30691790143461006,0.4288834740229348,-0.01463977578104,-0.7460835136846328,0.44797920708677874,0.27454852889556847,-0.07899774526975184,1.6303526880770582,0.819899834455297,0.435639836141427,3.871275557672581
9100.0,0.7923677821179235,-0.2092830135631887,2.599986661052735,0.8798898216917945,0.12756358529715786,1.9367901985531044,0.0754120462583292,-0.375965572659866,0.396684436462472,0.0008552065584053001,-0.751034384090846,0.5223550302961842,0.251058015319855,-0.09702132088184803,1.516542421669785,0.870413734306893,0.5046605707473285,3.801469521318415
9200.0,0.835617101580287,-0.09106687275749095,3.0732795132009403,0.873997323326454,0.0930130248991419,2.1996259068118094,0.04101220506437185,-0.39376869288487387,0.32928648878265043,-0.0070906454837898,-0.6313462879591833,0.48049373940186496,0.2444765316625185,-0.13686122583316623,1.3479597574025008,0.8543235085177765,0.4533378255046142,3.496931179218161
9300.0,0.8685698773183259,-0.08708145922597291,3.3094852121864577,0.8613800151654032,0.08821481424389033,2.2800404691866243,0.0189603842036816,-0.34525922217082405,0.3745295950871178,-0.0434466759777707,-0.6989417097810756,0.3866511581717302,0.226571665931076,-0.17079034751763766,1.1663684758695154,0.840808431744738,0.4943410719293655,3.434395698006829
9400.0,0.8399673962671879,-0.1038304382166931,2.902879618891171,0.8415271619036175,0.058744477104354036,2.0290742730500955,0.027022014158134898,-0.30585618031764505,0.2726370969996037,-0.0722873645967797,-0.7925682443096642,0.2923168631010254,0.1796463191033965,-0.19845845020178143,1.0982337002405345,0.8439157948977916,0.502801925711537,4.022538160371421
9500.0,0.8254422446073011,-0.3474807735078689,2.8447842593779407,0.8242175115109439,0.056912350700838936,2.2092253360689402,0.043281737642958645,-0.41380636137069365,0.33900289858736476,-0.05815736614108495,-0.8418675153053489,0.2835619539381454,0.128497633335799,-0.27013798164122604,1.0554285140040922,0.9360076008240654,0.5026133697905535,3.8788157522659357
9600.0,0.9308369098429263,-0.06785564529447669,2.8516658820485454,0.8220009873644134,0.05848012151770644,2.2870015727687543,0.03242351675283715,-0.45862523180361664,0.2973743687088897,-0.1077849263245685,-1.119452196738081,0.2043751582810382,0.0745079547023417,-0.27845058817157764,1.048115572466269,0.9265803023996639,0.5283249627518292,4.024858961744665
9700.0,0.9038347388791397,-0.10864848232505889,2.666116531307994,0.8194402824295052,0.06808259257345106,2.038976223534312,0.024451391912004253,-0.39336369129754456,0.30762742456131914,-0.182261600667406,-1.0115503861054111,0.14121315899723064,0.0170344216822806,-0.32369884316227376,0.9092428235131049,0.9701346075178134,0.5713217095351044,3.92954233454174
9800.0,0.8582549328591484,-0.1556387702454523,2.9605655907553885,0.8248751206683582,0.06909595889695173,1.9131321525058074,0.01473764555725975,-0.44134951637843023,0.2823220619859737,-0.1679572669512045,-1.0273187604603433,0.11547433315409258,-0.055225269787454095,-0.4476679443610717,0.6895930232103207,0.9440827955047275,0.495399983326709,3.877589967077531
9900.0,0.7699501445004873,-0.3876531463561298,2.491504718498971,0.7969180590924316,0.04447144280630908,1.9901043201515007,0.00563570056454425,-0.4925622140158003,0.3039885652793041,-0.178584373622465,-1.4127221004346089,0.0931444424600006,-0.09903985047668565,-0.6212580031705845,0.662136167301276,1.00439762365904,0.5431620499913824,4.026972344705397
10000.0,0.772450093670729,-0.3350670661343234,2.5687044064846583,0.7481662688834801,0.0025943704363264753,1.9990344023761861,-0.0163911886462893,-0.48983216356109777,0.2670286982486566,-0.22043186102426948,-1.7191108640488653,0.07025535617239066,-0.16921871980189376,-0.617659767869359,0.456515118115035,1.0428812211355099,0.5419806327279464,3.742169735715307
10100.0,0.7916264559736698,-0.31044524204144175,2.9050219502018586,0.7523377473754449,0.021021547301434493,1.665046225063205,-0.0423531627573391,-0.4443223348689228,0.23702261537381825,-0.230889758989271,-1.7160614406390065,0.0650085386752258,-0.2754058534488594,-0.756133107522607,0.2762144464138526,1.09600954294432,0.5440286672608243,3.545692021331056
10200.0,0.8930837342059896,-0.21572734779240862,3.083193501529304,0.7168048191034551,-0.029898434482344468,1.7119914341642868,-0.046699376183185606,-0.5114985703041229,0.31165724700097186,-0.24710026927533552,-1.567258602155356,0.054376431385089054,-0.3366456283173215,-1.373374654931135,0.1163473724822501,1.099538363486615,0.475601341519744,3.5175758008996825
10300.0,1.01132257876451,-0.046326073598281246,3.352108922613882,0.6753053752928171,-0.079184356262423,1.3981669960659895,-0.0580555071583689,-0.4712422552178822,0.2995093654021665,-0.2515569330612095,-1.761895435544335,0.012293882451603153,-0.43376944328878,-1.73530562825539,0.13637538732876037,0.9946995434146115,0.44356745630600974,3.2238473978986355
10400.0,1.0331494391069604,0.06075750104326231,3.560699284561355,0.6630445220053801,-0.005963698724880404,1.4963497764610865,-0.0676360086137435,-0.5006482173399464,0.18363038408536692,-0.280129055496067,-1.637645556487541,0.031802709874363615,-0.5429738411341642,-2.0497797555754182,0.05847521401338084,0.9518976584172385,0.36798171383063505,2.8353081507469113
10500.0,0.9786266665069342,-0.019404746955859156,3.1198562448952494,0.6613393163827976,0.019250964678271767,1.6268546849386367,-0.08197883158612304,-0.4563493284231274,0.20800492724086056,-0.29697430124336754,-1.7766635363946426,-0.018461779082657576,-0.630208219325521,-2.711512518662263,-0.08311030206654153,0.7838455593461584,0.18390948563128584,2.4652489440649545
10600.0,0.9525963730406173,-0.1319400447962812,3.3722590708001428,0.57704677029647,-0.06819861228180205,1.3913025155577856,-0.11743958955393746,-0.5516039637777463,0.16383575448241033,-0.373443732967852,-2.0749181704998767,-0.08511454029308885,-0.7063115788524409,-2.701146864144242,-0.16358501021676017,0.596923855756897,-0.02067656341056554,2.1391782345082357
10700.0,0.929255164270486,-0.1598468007985297,3.086300181876987,0.5622920393828948,-0.2276812729062755,1.4567690072823372,-0.1416182719563763,-0.5824830171045579,0.20941402844971024,-0.40560636970064146,-2.180340532730192,-0.10364289204071332,-0.7587200468953541,-3.2574147692962665,-0.1930445427427152,0.4184841144939335,-0.04441964104803045,1.551494957160946
10800.0,0.8916454115352468,-0.21246069926013683,3.1817318205348597,0.5396805409360006,-0.08813365480221005,1.317569401058568,-0.1713474527617859,-0.5978136370257173,0.1596853296476619,-0.4198341228906005,-2.561913357906547,-0.1066258779047582,-0.8640161037049492,-3.059597138236829,-0.2750574837366211,0.2543783337065012,-0.6973091462724184,1.2805882381584828
10900.0,0.8095852241378689,-0.21759912577196266,3.2554702968496136,0.5171273113972736,-0.34038400625382553,1.3860566362940507,-0.2134039888597902,-0.6311241477949445,0.11726822998377338,-0.4680479961286625,-2.832160765965715,-0.12781907608068716,-0.8905024679874061,-3.487120393304767,-0.3626927400758097,0.051298927562343846,-1.5536308923759174,1.1163716705220683
11000.0,0.8280789659564582,-0.19868739118858808,3.3372441312909773,0.44901934914204267,-0.4025847882010326,1.3208255095075885,-0.26514345956405555,-0.73144504126516,0.06715369107725336,-0.510256972895447,-2.6036251660823857,-0.20259423061017606,-0.9545501599224515,-4.086769141433588,-0.42836859652972675,-0.10816422899971839,-2.440088952539838,0.7224746976343551
11100.0,0.8282795818064643,-0.5987925848654745,3.1960507349091536,0.429056612651767,-0.4180244389624649,1.461241428941528,-0.31156483456281103,-0.8072207515203391,0.002984041618092852,-0.5875462436175996,-2.948871866670409,-0.24166132298414422,-1.0482422387645165,-4.106549864760281,-0.4840595946205802,-0.27311945411815597,-2.826756067255905,0.5988964881890807
11200.0,0.8487186472508833,-0.254250852351136,3.242870488740714,0.38578868871149335,-0.5431466988796512,1.3631858019705076,-0.35338951456509315,-0.8395449679211321,-0.008872297116283637,-0.653256076404941,-3.2121428182362046,-0.25999585772193856,-1.096867809967745,-4.442895119332549,-0.5851288753505893,-0.3990406587507733,-3.193255496327915,0.5158047718503805
11300.0,0.7837047148052094,-0.3965509056453203,2.460320903272406,0.4027877126131476,-0.574962347220874,1.3144007869717838,-0.3923596918400952,-0.8381463249951506,-0.020406066108175552,-0.679960040552904,-3.055032007345783,-0.2926735361335299,-1.1846404258339174,-5.132089680115322,-0.6093894170766282,-0.4911656773760019,-3.79303782836698,0.36327087230181865
11400.0,0.6427661344246439,-0.6107738884467073,2.3287631680205565,0.38124936308232243,-0.5578079768579133,1.35528284467534,-0.439342003506481,-0.9930474305991861,-0.040852833708598005,-0.7319921981721256,-3.6013086140995676,-0.35198663569007577,-1.327107196938405,-5.489116296035351,-0.8255582516519282,-0.6349694415773194,-4.885420166105423,0.30395017130190866
11500.0,0.5085320036445102,-1.228867234256017,2.32011259608238,0.3724825192582325,-0.5875189597233307,1.3159104412690004,-0.49752465817472746,-1.031940282719144,-0.15388145582045126,-0.8574009885264005,-3.8003557815975357,-0.36312340633080603,-1.56611549139199,-6.607986852766761,-0.9209684939506924,-0.7958680294097948,-5.230805018741593,0.19669468544726326
11600.0,0.3735385426345281,-1.5877983011035803,1.7297104469640516,0.3618775823538909,-0.7837163989171493,1.2887653573306574,-0.568703488974094,-1.07402281676522,-0.16063836477596702,-0.9271796309064665,-3.7447292291381062,-0.41125400822501157,-1.69747169349371,-7.992189791299703,-1.055957867275508,-0.9050846704923436,-6.46363228132279,-0.02523395206574731
11700.0,0.30919901549233897,-2.123787143073412,2.057752924891724,0.3313654366212736,-0.9939288059044624,1.26549189644414,-0.6393334863319956,-1.1625007530514528,-0.23327571883793322,-1.04897466622413,-4.28931120927572,-0.45870458682747445,-1.81801235766571,-8.846608251764625,-1.1914166946209095,-1.215211091133785,-7.98872649095314,-0.23625718411200586
11800.0,0.1664416840246914,-2.3393397288886644,1.9937873725315651,0.2689275507783251,-1.008332361679199,1.3927204152676922,-0.6956325485223225,-1.2770474317979934,-0.29638542457883565,-1.114829954811255,-4.586318952909115,-0.5284983297140692,-2.014018790414105,-9.872845859774772,-1.41175313266088,-1.493650359949265,-9.546565089265584,-0.5097931305682113
11900.0,0.02560052596532025,-2.426195886207822,1.7505780471491155,0.28337640734406355,-1.0258809784808778,1.1106257317670256,-0.7423463007199973,-1.4299199877444284,-0.31339029879554486,-1.156975165966375,-5.240741513920466,-0.5284361771503108,-2.193675773636185,-10.82756975380122,-1.5555810647044301,-1.49998249274563,-9.806456843387599,-0.5165884926077423
12000.0,-0.1473508803610645,-3.226621577184978,1.544489401003797,0.2042354161014795,-1.025732170198987,1.0393746768071261,-0.7980690423206656,-1.5035270910178584,-0.31163117356598674,-1.184445908111645,-5.29954934648272,-0.5255277773585576,-2.3532745063288303,-11.26824268450871,-1.6839653676102266,-1.697437672140585,-9.944725362281797,-0.5457334230013956
